Video_ID,Video_Views,Comment/View,Like/View,Seconds
KHCfr7qvkJs,6675690,8.860956695113165,42.06890973067952,984
SDoUH4pmZkw,3193107,5.939043069962892,90.45985618396126,310
7L7K9YYFn8E,4760516,3.632169285850525,57.39650911791915,923
jWAWc9_21J0,4304961,3.958688592068546,66.75345026354478,631
0uFDfQu7D5k,3536631,3.708614215053818,62.70345987466603,775
pTzk2ZVqi3w,4803328,3.759893140755743,64.66370816234078,688
nqGrAloUFPE,4247415,4.163473548028625,57.90086440811647,905
_VP8ftQXAQE,3830353,4.728284834322059,77.29679222776595,1406
mqyiJtbCoUE,2643377,4.089844165247712,55.7408194139542,1672
TNuurt3mpr8,5256746,3.0811836828334487,53.01207248742853,905
ydjU1re1Knw,9603826,1.8697756498295568,41.162969841394464,1353
CAJFYbKm81M,2188352,6.608626034568479,89.12780028075922,338
QFI7OI7MX4Y,4098150,5.399997559874578,65.80286226712053,725
MIZyoTRNAG8,4074976,4.125177669758055,53.25798237830112,1087
thsBniaLY-8,4376828,3.826058506297256,59.77319647927677,761
qJuElc3mEyw,4120837,3.3318473892561147,53.7461200236748,757
Fo3HwJNgi9M,8405609,2.567928153688805,39.3199350576502,1002
7RoV0KaJoLc,7224914,3.988421177054841,39.567806620258736,930
S79GcTt_8pc,13517114,1.7301030382668965,39.95090963943931,1232
Bs1jHoDh5WY,4695586,4.281041812459616,53.25639866887754,1077
CYowCBOR2SI,7272433,3.342760256436876,55.13189327423161,858
M_2vWZKcxOI,4774288,3.716575120730044,61.8955119590607,846
tGCyIxMYXrk,6917784,2.4818641345263166,36.04781531195539,1292
KjMK0YY93Os,4844080,2.336253736519628,47.07354131228221,849
VCw8T9kNNnI,2347823,3.5300787154738664,85.24620467556541,137
VGjDZwdqjjE,6781197,2.055831735901493,40.43297960522309,961
TGr1IP-1e7E,11890245,1.6951711255739474,40.64516753018967,1225
6UxluH5NzVY,4389530,3.188951892343827,47.86913405307629,780
jJXy3Aya8H4,4469729,2.722312695020213,49.15465792221408,802
SKbGs4eKFw8,6492159,2.510412945832041,40.28813835274213,1176
o-cq5uR9gEk,5025620,4.353293722963535,65.04670070558458,631
_zz8tyRHKZY,4447974,6.268921535962216,94.06507322210066,623
CZAgIPqD_D0,7203079,3.2823463410577616,47.81732922823698,917
BNgmYFwUjjw,7323629,3.2511204486191203,42.84023671870872,866
-1is7e6ErkU,3866255,6.606910304674678,83.82556246290015,377
d1vXEDJ3PK0,6853795,2.7513224425300145,47.841086580500296,790
Y-yllQHbRLA,10655269,1.2272801371790802,31.483954088817462,1162
faDDENDHyF8,8539638,2.626926340437381,37.529225477707605,1032
6exhT930Ag4,5554778,3.1877061513529434,44.10113239448993,1003
NMT_vIYjDbU,7634559,4.111042956115736,49.14101783744156,1638
wLVMrpByb_Q,10986666,3.680279349531514,41.792387244683695,865
4R6uNXAw9tM,5808604,3.221083757818574,46.45866717717372,898
dViWTpWxVgE,7091661,3.165971977509923,40.02743503954856,1202
jcuAlQY-QNY,8318219,3.230980093214665,39.53045718079796,1143
0FPROLM3PMg,9469652,2.1107428234955203,35.23793693791493,1047
QNODMzDhsMM,9222360,3.418322425062565,46.29791073000837,902
4VosRKPBGE8,7015348,4.764410831793376,46.417084369870174,956
5VErxiXnCVA,6802721,3.3951120441364564,45.54809759212527,1106
QZsF6ogRjAA,6908386,1.2726561602087665,43.48367332109121,1077
jdgKtzL3RQE,5657146,6.437168140967194,66.46231156134206,692
zHH_Kh56NtA,6124934,3.4116285987734725,55.396188758931935,785
wbMv0eYXxG4,5762221,5.005361647878483,56.33070998144639,818
jwLgfCXJaKE,9096243,5.862530277610218,55.91055559971298,774
0YlYpmZTcvs,6931395,4.914018029559706,49.42828968771799,2168
nA1QKpKuSd4,10130888,5.472965449820391,51.61906833833322,2249
ZDckQiE-fUg,6953346,3.644432478982061,44.3560553437151,1015
T4Q0pElKWY0,9898009,2.075669965545596,33.7338549601238,1109
VnRuAzvtK_M,6290806,2.0049895037297287,43.64766613371959,1336
s7RmUKm9PCA,7802857,5.468125328966044,48.12839707302082,1324
0m5TvH-D5tQ,8855932,2.1882507679598264,30.33085619898617,1120
2llLx_WkF3Q,8842757,6.669073909867703,49.319459982899,1730
wFU8plUZccs,10940721,1.9392689019306864,31.840588933764053,901
2McDQu5UQpk,12727811,2.543563853988718,37.84476372252856,1167
qfxoHNtXpZk,15410235,2.105418898543728,29.02888891700873,1344
kQBn8t2JXp0,10762069,1.5272156311207443,37.16209215904488,1135
EG2_RQ0kT7o,7966675,3.9243473594692895,44.22673198040588,891
I_v8zPpId_A,8747548,2.167464528345543,38.12794168148606,889
xf0Mi3kWKhY,21176168,3.327797550529444,35.653145554946484,794
kre7lFvg8ew,6371915,6.582793398844775,45.21293833957296,862
lKwON5JcAv0,8804102,5.254028179137407,51.54654046488785,861
xTbXOIpIT44,7387411,2.8582408640862136,49.833019984944656,595
TYq6187AjBU,3880641,5.062308005301186,74.40523356837183,268
Lqqyq3IwR_w,7228418,2.9601221180070105,39.89130125014906,812
H3vtCx5CBaI,8387013,4.313931551077839,49.86876734303381,657
c30s6OnCApw,9323512,2.2674931935519576,34.211464521094626,1066
W5NgiW0rJLk,6756394,6.819022099658486,45.01040051838303,746
2CGXodfV-Ik,6545945,3.23543812237958,39.210228622452526,854
CW6lKTrjZCM,6772111,1.0175556779857862,33.02633403380423,1416
pVikUbTnUqU,8642782,2.910868282920939,39.49469048276354,928
QccBAHil6SI,8156360,3.767366815589307,51.8511934245178,637
I1cX-ZMTzT4,5380147,4.380549453388541,46.4959414677703,913
3a2h1aILVi4,7468351,1.8511449180682589,35.10734832896847,826
92ZU3IcYEIE,8783756,1.6776422295883446,33.46290584574526,829
ZtpWXGyRtSw,7230991,1.1449329697685977,37.16060495719052,1037
-ZW-ZnQoj5g,10078025,4.662322230794228,51.70358279524014,706
icLIdzEJ1Uo,15604626,2.234081098771608,43.146372107860834,677
R9qjYySeWfU,8418067,3.643235436353738,33.20204032588479,877
6t41dgYCQjw,8540293,2.875311186630248,38.65979773761861,703
olONgK_CxG4,12223709,2.4818980883789035,33.60992968664421,996
DL_Un-euzBs,8397564,1.8561335168151143,33.50840791448568,1078
lteC_JdTObE,9030936,2.2975470095237083,36.65721914096169,951
0txgvcMZMVk,4230219,3.802167216401799,43.28097434199033,987
ew1JYegKF7s,6784734,2.115189777521123,33.02517092048119,1126
_Y4E8XC70x0,8422957,1.200409784829722,34.70491420055926,1079
7yJJlb3E6JQ,7644653,2.612414193293012,42.630188708369104,831
LAqG0wcTfV4,7663860,4.86660768855381,55.08568789095834,682
uvwTBPrrZcI,8215629,2.520926882165687,33.243468029045616,897
ENgR3aw5Snk,7389607,2.329758537903301,35.63978436201005,779
t3it6WSL15A,18509507,2.453712030255587,30.24488982877826,996
9aHk8_F08NQ,8591735,1.6162044104013915,27.57429087372923,994
iIFwDxdF_a4,5962742,3.600189308878365,40.06864627045745,1049
-kTWIm7m4Uw,5303194,9.057937537265278,73.75027200588929,1009
74EDvTEhqtE,10844703,1.0235411702837782,26.884369263040213,1033
rd2-zQNog9E,6893826,1.962915803212904,32.28149361472135,970
Ag6Xj26WBf8,6855679,3.845279220336892,52.99606355548444,611
Fvv83jYh8pA,9683302,2.511539968494218,38.34280909549243,841
hxZss9dLpgI,7544900,2.7768426354226032,37.85046852840992,955
cYxzLGk2NcY,3276457,7.009095495530691,58.97101655843492,390
Elw7nfwxOcQ,7212137,2.404973726927261,32.75672661237578,784
_rfWADlx-M0,4466983,2.755774982801591,46.125763182891,804
oWbr7_7gKs0,5862450,2.6415577105135224,41.89750019189929,874
JhUsye2ewNg,6858987,2.271472449211524,38.078071878544165,818
id2engoWMv8,7286099,1.152880299869656,34.10631669978682,845
IezfWhKTYPY,6687432,1.5672682727839329,34.69553036202836,757
TzP676lbUYA,11427287,2.330911965368508,37.31393111943368,998
62lpPNvscis,5209461,2.30407713965034,40.22527474531434,841
k4VzWKMc38k,10839102,2.223615941615828,31.29456665321537,1297
jOvK8haeqBw,6811772,2.030455511429332,32.17503463122371,832
XtlLI_pBC3s,8630671,3.335893582318223,37.18158182602488,770
li7HdK2vIlw,6820716,2.216043007801527,33.24269768745686,963
ZB7_1CoKntI,7485674,1.813063192439318,34.3856812359181,903
GYoQmcSn_UM,2129840,2.190774893888743,62.85073057131052,448
wp2rFoZ3GN8,2887676,4.821524298432372,61.67831848171332,555
IZOyzi4W-wg,8983104,3.677793332905864,38.33140526926995,860
v-Aifw2A2Q4,8703511,1.2486914763478785,27.755810270131214,989
nFwMTG6T_PI,4449093,6.258578995763855,42.78040490499974,2833
fMn3p7hhMew,6961499,1.005243267290565,30.506648065308923,689
HUQ2DH-wtYw,6497790,1.5986974032709582,32.03350677691954,911
9DYcovm9i0M,12458969,1.6698813521407752,27.87381524105245,1061
9wRgNPdU7fQ,6947042,4.183507167511007,42.59913787767513,830
hmGnedYflqY,9019659,2.020918972657392,29.10387188695271,853
6v3BWoddSgk,8042093,2.5753246076612144,35.885558647481446,1039
iNs9IZAeFQU,12097845,1.1138347366824422,26.34493994591599,1185
ouj_on9MxcQ,8662941,2.6771508659703445,40.01239301987628,700
tBN9kLaS-uw,9400834,2.13661894253212,30.303907078882578,1131
SVsqqfHXd0w,5475176,2.127785481233845,36.82511758526119,956
jMnJ0cApcY8,10527694,1.901461041705809,27.693149135983624,575
mOMBQBNIpSA,4065481,4.763028040224515,57.81652896668316,1018
CkQ6Ah_TSUY,7757104,1.2409270263747914,32.262297888490345,754
csQHg3YLwrI,2398925,8.583844847171129,67.6644747126317,280
_xv3uTh9nJY,6279278,3.797092595677401,41.64905583094107,751
0CSKB7CzrZU,5012155,1.4887807739385557,38.19494808121457,611
nexADgoWo54,5556993,2.644415783860084,38.50355758950929,802
nPpBz9x6a6I,12326451,1.8698812821305983,30.839127985824955,611
v5lR_6719Ho,6710753,2.2854365225482147,41.09941164575719,491
mO7yKkq5HkE,7667911,2.491682545611184,35.36530353573483,619
ZmyKv-v9iyQ,8345777,2.6741668271270607,34.462219635152,700
44OxwxcclI8,8698412,1.7748067118457944,32.886347531020604,697
5EWZyU_mXf4,15144173,2.643591036631713,33.64488770697482,883
p42rWr6D4Xc,14885995,1.1278386160951954,24.14826822123748,746
iLokc7dsVK4,6421013,3.5262348791382294,37.47508376014813,547
I5O_oXjz4Kc,7582576,2.350256693767395,45.41016140161339,575
6wPSNvyvEw4,7250098,0.8507471209354688,24.178293865820848,843
mAJba5bf88Y,7067890,3.667714126846909,39.1873670925835,716
Nb4gebXtC60,9611959,1.5829239388141376,30.819315812728707,739
KEx1wcbBvdg,9126620,2.4564406099958145,42.31194023636352,612
YllrAmXfrME,4841471,4.50276372614852,52.11122817837802,696
RycMNSM8Mns,12882648,1.990041177869643,32.664635407254785,643
rRbHTeAcJLQ,17406318,1.82428012633114,30.15933639727828,430
JnuNKg-r_P4,6696177,3.931646370757523,34.44009917897929,689
In7FBG6rPw0,6565181,2.351039521987284,39.93857899728888,736
CDJMcoeTYN0,9945599,1.368243380815977,26.566725644176888,778
XRrBcxsIVeo,6694324,1.268387965685557,42.17692480973434,393
eC5bgxkxEYM,9154090,1.1144745135780836,27.63005388848045,723
45eM2cd8Grk,5585973,2.599189075922852,44.638060370145006,716
Se5b8FSrLGM,3153212,1.2961386674920683,30.289114718579025,638
a6wJxjePPCA,1166706,2.6887664930153785,55.26070835326124,171
Omm7T5GZatg,2873597,1.1689182581969566,38.66512945273816,424
kGWLrONk7Rw,1952985,5.525388059816128,47.24716267662066,277
tFuYC2uaKGU,4107080,1.6310858322701287,37.1422032198058,457
ri5p6WM6Jf8,6196546,0.9151872672291952,26.60950148679603,717
W0kjpdcT-Yo,10306801,1.221038419195248,29.04431743661297,518
ZWcqbZc9CfI,2717960,1.7973038602481273,36.41959410734521,434
gML71RXkMNE,6991351,3.246725847407747,48.335007068018754,582
zGUeuk--0kc,4624758,2.6038119183749724,65.12254262817643,184
07gjpwfq7fc,3558478,6.067200640273735,48.103149717379175,816
AZngynzkNQ0,14841468,2.1930445155425327,30.71481877668705,601
2StIQCbKo6Q,5487840,1.370484562232135,23.577764657861746,863
llkIkLRF26M,3071499,3.636660796568712,50.558375568411385,257
Mg0X8ENw2js,3282578,1.6420021093177375,46.895763025280736,584
K2972jP4ntY,5238717,3.409422574267708,45.73123533872893,855
Bf2Pd__zq8c,4384648,2.045774255995008,47.023843191061175,602
CnV5NYy8bAQ,14326986,1.3780288471001507,26.456018034777166,765
KPrvpaGF6Lk,2553788,2.201044096064356,34.96531427040929,897
63ruIqgxQuU,2358500,2.861988552045792,46.59317362730549,391
_8iQoimAlqk,5620701,1.8914010903622165,37.539267788839865,636
hsFLMjlgR_o,19124519,1.9900108337365243,33.94286674608653,859
6Un57W0eN1o,9563009,2.449542816492173,37.67172027130791,335
6J8JDNlkrco,5506923,0.7726637906504231,24.435242693605847,627
vkvTpmQ7M48,7575240,2.117820689509508,34.27138942132527,688
9iIwCPXVDlA,13411371,1.5195314483508062,33.92061855570172,239
xyC-bCMjZs4,2962846,4.411974162680072,55.48887792345603,362
B_PFgg0QnVI,4956242,3.9334237513018935,38.86271090071873,1310
tfywWEEsy8Y,3476685,1.5917461604948393,37.70660845029101,284
ICBJSNvi3RE,4265903,2.2843932456973355,44.4700688224744,547
m7Lb8cVuwtw,4448081,1.4046506796976044,33.38136153545765,512
pJKjYF88XMU,7537657,0.9898301289114112,26.76720365492885,739
HgPmSTRCMp0,4198921,3.3103742604350024,60.81276594629906,452
FxH20-Us2QM,5556733,1.6353134116755297,37.00501715666382,329
Jm0sGN471tE,3624268,1.4700899602347288,29.779530652810443,677
H1uoUJXC4fA,16010,4.934415990006246,78.95065584009994,128
ywkkTeP_obY,288589,1.472682603980055,50.72958428768941,2629
fz3ayyI1kiU,92168,0.954778231056332,47.14217515840639,260
YDrw4jNTxpI,210826,1.2237579805147372,43.72325993947616,922
dqE2KCkas2o,120360,1.3044200731139914,62.59554669325357,236
l5UW76dMdbE,266236,2.2611517600925493,56.47996514370708,1108
pe6lnxZ9QbI,105199,7.813762488236581,72.09194003745283,222
h2BBTH9ZPJU,125547,1.481516882123826,51.2636701792954,350
k7tws4a7HLE,124084,1.4828664453112408,38.095161342316494,502
ZVbkHX-P9Rk,148839,2.6202809747445226,48.38785533361552,85
zdLfnrCOhHs,61605,1.7693369044720395,61.32619105592079,221
IaZSmxmxWl4,420396,2.300212180896108,41.5346482839989,111
O4uXcGhiLbo,356980,3.039385959997759,55.07031206230041,118
N66TQDa7ym0,138574,1.5010030741697578,43.22600199171562,216
HFyzX_-0EJg,36042,2.580322956550691,40.36956883635758,61
WXBHEHrm9v0,1352453,0.8222097181935343,39.219847196168736,2109
txqKuqhnaKQ,66552,2.4642384902031496,83.76908282245462,254
3nfvjwQ2BhY,136671,1.5877545346123172,40.5279832590674,302
ehTeymh1xgg,328641,1.424046299761746,40.59444804513132,436
bvX3oinPTCg,791814,4.248472494803073,82.23017021674282,307
3kDdr8HBX8U,589840,1.2088023870880238,39.04448664044487,529
PlCHRkH9tEk,116207,3.691688108289518,51.92458285645443,91
oglws2QISVk,89189,2.646066218928344,30.934308042471606,145
0qKRYbagEzA,65625,1.782857142857143,35.90095238095238,287
765samey6MQ,189763,0.779920216269768,34.32702897825182,301
K7ttuFXHpwk,305520,2.412280701754386,50.8968316313171,247
9Nzkwl19KYE,265661,0.8958785821027551,37.43492646643655,446
UJtWj7cSH8Q,121559,1.6535180447354785,59.32921462006104,196
NarEddGJPFc,145806,2.68164547412315,40.629329382878616,349
LENSqVW3Q3k,91167,2.0511808000702008,42.78960588809547,169
guUXnvUws5g,298425,2.007204490240429,34.836223506743735,449
8_SYzil1e-Y,101579,2.175646541115782,35.440396144872466,101
DuQ8AqB_7jE,46617,1.6303065405324235,40.800566317008816,384
iJQ93UuhkLA,195577,2.0298910403575063,34.073536254263026,160
VGViRoSBlcQ,67356,1.3658768335411842,37.76946374487796,196
7j1f_cVTo84,46306,2.181142832462316,39.13099814278928,127
9EbvU8OZtqI,2520526,0.8541867848218982,32.85385669499144,1879
wTOVolIMwcg,63932,1.7205781142463867,44.23449915535256,305
Wjb_bHXIFDk,668173,0.6914376965247024,34.44018240784946,562
m9zvCz_0gj0,317293,0.7847636096604715,33.785806809478935,207
HfpR5FFg4Yc,79858,5.822835533071201,40.9101154549325,323
nRyrfhp5iP0,204330,0.6949542406890814,35.36436157196692,256
XNjwTXvfXxQ,268898,1.1268213225832844,32.94557787711325,506
hjmiDzLJ9VQ,1722646,0.5143250557572479,32.99575188402028,250
kexZC6icLK4,234326,2.061230934680744,34.80621015166904,96
oPW01d5shgI,82645,1.2462943916752374,49.51297719160264,224
qaR8rFsWoEo,196250,1.803821656050956,64.22929936305732,374
0Cm-cyNJGlg,563233,0.9196904300706812,37.03973311222887,779
1NGWhrrCnf0,146595,1.8008799754425455,36.69292949964187,255
KrbRCNkL0aU,414655,0.5715594892139249,36.06612726242298,244
7MbEyGRooBU,562472,0.5138033537669431,37.24985421496537,2508
Bj5rRevy7Ys,617201,1.62507837803244,30.97694268155755,697
GGqvvOYwiD4,74052,1.6474909523037866,42.416140009722895,190
xtvD3YCSh_0,708149,0.8712855627841033,30.37213919669448,222
FMGWVdmRSpA,300326,0.8590664810905483,34.90540279562875,455
z4uAd1g9BKs,303433,1.2358576687440062,57.241631595772375,225
FDjXNF88e18,145932,1.0347285036866485,40.3338541238385,293
xFtlkvGE3OA,541888,1.825100389748435,57.78131274359277,2092
JzFuJDLd3cg,2053770,0.792688567853265,30.595441553825403,633
uDIvjDQVNk8,94124,1.6786366920232885,30.916663125239047,108
VbF1AJPqP1M,546631,1.439728079819842,53.50044179711725,246
jAcbNm-6PEQ,2929667,0.6280577280626092,33.23039785750394,1449
lWsQ893GVPA,81548,2.4770687202629125,40.883896600775,967
kuhWCCvcO6Q,367519,0.995866880351764,23.111730277890395,95
jKwrYS2a8zA,1003752,1.5222883740206743,31.674158557093783,553
vT-zZsjwZKk,2310155,0.7402100724843138,43.46764611032593,1482
fnWlNnV6xFA,735437,1.3189437028596602,42.78136672481804,434
eqZl13hxZPE,129472,1.0581438457736037,56.11251853682649,271
Q9s7Ac3ZehA,748622,1.0819879725682655,36.28132755916872,506
j8Ttyz7DoKM,645753,1.914044534055591,31.92087377062128,623
oDRdYa-WWAc,820722,1.5535102019928797,32.65295678682916,632
Uzbu8ojDPx0,119445,2.5116162250408136,51.91510737159362,118
mPsmNFI5ZPM,3544447,0.6559556399065919,32.40308008555354,762
xzhhbvUIWEs,1418394,1.0314482435768906,46.53220473295854,2067
MJlVAIKb6o8,1543847,0.8174385156042017,27.13610869470874,599
To3HYuNJ-9k,511368,1.5781198667104708,34.92201310993257,104
E-Hu3jsFw_I,1378395,0.817617591474142,37.42033306853261,614
eBLaqloc6so,783503,0.7466467901207781,28.267919842042723,296
d_K5nk_UJFQ,309544,1.0757759801514486,45.59933321272582,284
XzqPGm0wVzE,637923,0.7477391472011512,36.53889262497198,447
qmqI_jV-KZE,774222,0.5360219678593479,34.07420610625893,267
HIcSICD43ZI,203559,3.006499344170486,54.99142754680461,100
MVhKdGcL_Z0,379701,0.9612826934877706,36.61565284263144,280
bJnp6mroWU0,396088,1.017450667528428,40.334471127628206,292
p_OGX8BJok8,329763,1.2008624375687995,34.93418000200144,390
CZhARwkwag8,648385,0.7217933789338125,34.5396639342366,270
onNaQtnDM6Y,672023,1.0163342623689964,32.546505104736,501
xHqPgMzPXkg,640604,1.0833525859969653,34.52522931483413,601
t0xELMdGYeU,794684,0.8443607773655943,36.20810284339436,396
l55WFSDc71Y,408453,0.9425809089417876,43.78227115482075,219
88Na-u0aFBI,637539,0.9991545615248636,30.90163895855783,300
3oBeO3tg1To,1026658,0.6448106380118793,31.02396318929965,335
1hEECLG_ZWA,499342,1.017338817884336,33.27378830540992,332
rkqfxTqIOds,1250471,0.9492423254917548,39.937751455251664,483
ix5MyWZWA2M,896660,0.8988914415720562,36.51997412620168,273
12bkWtxHrvQ,1005364,0.7270998364771366,30.523273162754982,259
L7vkadQZbeE,2075092,0.7069566072251254,31.00922754268245,423
pG8gl7q_ohk,2776598,0.6637619129596722,36.28613144574764,496
fUiiJPq5SLY,601810,1.0784134527508682,35.73054618567322,301
a6q9677q2xM,707628,0.9878071529108514,36.50646950092421,245
-g8DQSjFasE,2729301,0.563514247787254,31.12994865718365,364
K-lHZEqnXKo,857336,0.6858454561572126,39.45127697892075,164
sI1SLHEC98I,2461482,1.7489463664572806,46.354188249192966,450
nMYdNSiFJ-w,426344,3.060908562100088,64.77867637400784,300
CMkYw4dp_NI,6827231,1.8389593086860545,38.62224670587534,431
vQa65UwxCGU,359512,0.7565811433276219,32.14079084981864,1140
ZI0w_pwZY3E,4734974,1.895047364568422,46.97491475137984,339
BA6pchSJwuY,280590,1.2117324209700988,37.76684842652981,222
-dszLeJ1amE,309233,2.1149101163200563,59.114001416407696,194
Ag86dYOG9iM,1582631,1.4823417461176989,44.91508127921164,728
C3-vWRxSX9w,255769,1.7984978633063429,68.06532457021765,201
LTydy0lH33k,1570761,1.500546550366351,50.107559329522445,246
UYs6jDLg_48,197269,1.3788278949049269,53.82498010331071,219
Ni609yqZd9s,1101557,6.232087853828717,58.54712919985076,191
D6uh2k-59dY,248680,1.4999195753578896,50.60720604793309,171
5tzY4y8kQ2I,274430,1.4357030936850927,53.62387494078636,161
fHP3EFvD8i4,830476,20.87597955871091,73.20861770839856,127
fHjbDSOmeiM,797152,8.500260928906908,60.4640018465738,387
RiYq8AQG9uI,720810,4.879233085001595,66.5778776654042,172
ZpMJjvhTi-8,606125,2.153021241493091,54.15549597855228,325
-ZNfeRnlue4,59983,1.317039827951253,20.03901105313172,11062
xg1ShXqTNkg,1332412,0.6086705913786427,33.4145894813316,970
UMZyZObOB54,586990,6.795686468253292,49.803233445203496,177
AsM1KDn0qGA,806859,4.842233897124529,51.8095478887885,1994
SljBKlQvIGw,515062,1.7493039672893749,42.0900784759893,253
Yw5FkoQcXlY,1124052,1.209018799842,37.53118183144552,298
rBG9qrEhLVA,364457,5.188540760638429,67.78851826141356,322
uyghEQ8N3Hg,229218,2.617595476795016,53.38585974923436,276
v4yY3R21W1U,262160,2.1132133048519988,41.88663411657004,254
bxgg_kW3QLU,618544,3.5373393000336275,83.64158410719367,205
IMWwMopfK7Y,242753,1.3923617833765185,47.62454017046133,280
rJyhellhFew,286370,3.495477878269372,49.519851939798166,201
ADlSydMZhIU,498414,1.5127985971501603,43.02046090198108,208
4wuDbY9_IOI,224754,2.651788177296066,54.544079304484015,190
gNZbzoLkHBw,569630,1.955655425451609,57.47063883573548,295
-I-tE0qhe6Y,328259,1.4653063586984667,47.952988341523,210
wVS5BMH-Fu4,3324321,1.3801314614322744,45.77325715537098,253
sDZyBpdKm8w,414569,2.20228719465276,51.14709493473945,222
A9xD4D-Qdg4,740872,3.6551523070111975,42.67538792126035,2132
Z36OznHFIt4,6381577,1.2652045097943658,42.42932428771133,469
Vky2la2Wseg,402985,1.340000248148194,49.46586101219648,204
ReGERSthF-U,2228505,0.6515578829753579,34.73180450571123,513
PqOols0GEjs,426792,1.316800689797372,35.26776509400364,206
WO7m1ulSH0A,237114,1.071214689980347,30.03196774547264,277
jTNqHT-4kHA,384939,1.93277376415484,39.96737145365889,302
JJM2VXjFt7s,2088586,0.8584755427834908,27.652201058515185,2308
YkbArlB1FYA,204222,2.369969934678928,35.04029928215373,1148
GYefeFjACZg,272781,3.629285030848923,46.74812395291461,227
7pNezfD7CLw,374545,2.4109252559772525,23.957067909063,2069
Gm9d2y0Y6aY,638361,1.0104000714329353,35.76972904046456,281
9PkU0I21zkk,1527048,0.5127540195200151,32.01405587774582,350
B8R0oDUY8vo,316707,3.4069344851866235,59.96078394225577,259
2yUojb6uGO4,240369,1.9054037750292256,36.19435118505298,1317
Q4H6Y4KeVoI,613556,2.182359882390524,56.59141137891244,157
aliY82008tk,7323828,1.3434231388284923,45.33762944733273,244
yyDxwwn12Ds,749545,0.5363253707249065,32.887952024228035,276
x2ICR5T5270,975298,1.1596455647402126,43.43800561469418,248
EKrA1qb_dtM,283542,1.6822904543242272,36.63654767194984,203
Jmm2OQy2oac,993202,0.66653107827008,30.13384991169973,395
zbZZNYHT2ME,184580,3.0555856539170008,59.4918192653592,172
Oc4yXge1T-Y,4212241,0.8551267603159458,38.89544781507041,1508
NFkEMutqQwc,1254729,1.7565546026273402,49.50471376687715,144
X4w6E3MuWUA,921456,0.860594537340904,38.237311385459535,353
RAo-IarWlmQ,273599,1.5387483141385752,45.86639571051064,188
8vBADy56i7U,295370,4.242136980736026,56.08897315231743,192
RGQEw2QXGbs,271738,1.5566464756493388,35.39806725595979,200
l68A8oNR5Rk,1390752,0.7923770736982582,28.83907411242264,406
YHp6F-yoz2k,342093,2.1339226467656456,45.77117918226915,246
rzOiHofgktY,272549,2.428921038051873,49.004032302448365,267
88KRxVqpRc8,444816,0.6721880507895399,27.71707852235531,334
GX1XW89MY-E,793817,0.5404268238145568,32.54402463036191,319
-iDtDPergsI,435776,1.5306028785431047,40.62867161110295,214
6F1UHDl09Rc,1059465,0.4171916958087336,26.021624121608543,311
2Oers1pRRK0,966291,1.56681579358599,41.60444420987053,248
aI3sCGdLlvY,136665,2.7439359016573373,25.171038671203306,1191
i80JioXMpYw,426902,1.1431194981518007,40.55029023054472,208
DcX_lXP977g,5639937,1.071288562265855,32.100713181725254,553
BE_b89Xle_0,519780,2.2163222901997,40.71530262803494,214
NLx6xu7ZUNk,234185,3.668040224608749,42.06503405427333,283
MDdHYjb5sBk,5912031,0.9473901608432026,23.65599909743369,3055
saPqV0vnqGU,463297,2.3419102649056653,31.13337664608232,247
OZ9ZGGMaQm4,64281,1.368989281436194,33.54023739518676,378
nWP0yyaGt7c,430536,1.1520523254733634,45.0345615697642,280
dTs1Q2VYYSU,347831,1.739350431675153,30.23019799845327,1155
tIsXEkR5OVs,5167531,1.2251498829905425,36.51531069673312,398
ebgGKpYxeLA,308777,3.4879540898447745,40.90006703867192,216
t-O8hYbieZE,3978119,0.7945966422824455,19.55220545187311,3873
CaPZuhUX-8c,840241,0.7581158262926946,28.39542464602417,334
UUulghYen8c,710176,0.7800883161357185,33.15797774072906,201
nP_udc4pMfQ,1420112,1.1724427369108916,38.53921380848834,245
KasnBzZnCxc,213319,1.0078802169520764,30.508299776391222,392
QOifs5cVsyE,463610,2.653092038566899,46.530488988589546,248
WeRowun8STc,336036,1.4046114106821888,43.230487209703725,259
pFh84c2ixLQ,170925,0.9360830773731168,31.17741699575837,161
rvoJXBqLILM,3941449,0.8306589784619819,26.261154210037983,2948
IJKR0O3BfOs,218450,2.064545662623026,36.978713664454105,1205
m40NZB65ECw,324074,5.6437727185766215,46.35978202509303,244
j0YxEfNQxt0,570511,1.4951508384588552,34.71624561139049,301
rces0ceYbTQ,238283,1.3723177901906556,33.0867078222114,231
zYQNLmqahWo,1220141,1.0515178163835164,29.92932783997915,861
nchEYmR0fOw,967090,1.102275899864542,40.04384286881263,156
RHYGUcISsUU,1358753,0.7499523460113795,35.74012348086812,268
zVnXVnbcnsk,823667,0.9700522177044848,35.8275856626525,260
Cxqca4RQd_M,41715216,0.9573964569666856,29.30467865730337,635
vAHhwBEYdj0,318202,1.0590756814853457,38.30271337075191,282
2POq39ce_5I,8055390,1.053083711651453,37.57819298631103,340
6NtZn1yaSe0,342195,1.7504639167726004,40.78376364353658,256
dHeNmd4nUZ4,145801,0.994506210519818,33.545723280361585,235
7TBCkgJBt4I,253889,2.6074386838342742,39.09188661186582,1332
x69aifPfsfw,479432,0.9970131322064444,32.55310450699995,253
BwZNtfgtqU0,795741,1.070700139869631,35.32933454478279,321
cL4qwDE57AE,193460,1.1371859815982632,34.9064406078776,221
GhO_OKqA3Ag,1028878,0.0991371182977962,2.0857672143830466,104
mbH81YmhEPE,988909,0.664368511157245,29.9461325561806,303
ouRUVCo-FQc,830674,1.0509538037786184,39.23079330760322,287
pzM_ab4bypY,731690,0.8637537755060203,33.296888026349954,171
B9UgX9RZBGs,129793,1.5794380282449747,32.544127957594014,237
V-6m0jW0X9E,9976740,0.6674524945022121,33.95918907378562,1446
k41qCG6tlpo,183029,1.8248474285495744,39.64945445803671,225
5MeXoUrz8x8,275647,2.107768268836592,41.1141786415234,259
CGRQsrZKnZw,143214,1.3336684960967504,34.87787506807994,269
LoWJVJtTi_8,438539,1.1469903474947496,39.56774654021649,265
eIIlj_d454M,264958,2.5739928592456165,46.871579646585495,206
tpeiAHtz2oo,133413,1.5365818923193393,36.42823413010726,207
CkCaLQbLo3Q,415277,1.264216414585927,40.5054939233331,181
Kiuen6EBWT4,713211,0.4556856245907592,27.043890237250967,336
Nq5pA5ngog4,377513,1.0092367680053402,38.562910416330034,295
0pTnDmJXKHs,151903,1.5865387780359834,37.523946202510814,240
t3Yjp0RmT3Q,888186,1.347690686410279,33.871283717599695,333
xcYwGc67e-M,551133,0.7148909609840093,26.681399952461565,324
qcbhGaLDEFc,529526,1.0141145099579625,40.03580560727896,212
zfY0U7wM03A,498420,1.85586453192087,35.61253561253561,763
tw5fqlckN3s,1353064,0.8307071949294342,33.98656678471972,255
da1cFogm30c,131529,1.1936531107208297,33.21700917668347,189
9LHi8rg6-_0,107527,2.2877974834227683,31.92686488044864,100
-mFcW3e82zc,902662,0.637004770334854,27.596154485289063,430
BoTiGNtG244,809388,1.3812905553331654,35.60344358947748,223
uYGFEF6pmHY,711874,1.4567184642226012,23.91715387835488,131
xSpVvMyfprc,374866,1.413838544973404,39.728863113752645,220
8Js69VM1H4U,155592,0.2892179546506247,6.594169366034244,3809
mAaOkZ8mBT8,149599,1.631026945367282,35.147293765332655,160
J8x-xoDeJsQ,8075077,0.6672382195240987,31.273385999910587,1567
ieIzMHoXzw4,939998,0.6691503598943828,28.10112361941196,390
tDpMboaONuE,649035,1.6316531465945596,44.014575485143325,191
6MeCvwr6QAc,496653,2.549063430604466,21.78784785353154,103
_e7XXe3Kd04,583578,2.529224885105333,44.85090253573644,342
J5nlnc3oykg,13268,4.3714199577931865,21.329514621646062,2929
1WXBYILBGk8,218224,1.910880563091136,32.96154410147371,207
_VGA5gVGx5Y,469302,1.7557990377198478,26.121772334232546,372
qtkuWMPi9dE,665712,0.8261830941908813,30.41555507486721,321
q9E2CS_jhuI,298403,1.417546070247283,41.20266887397245,218
rmYC3XrhiTE,18038,0.8870162989244927,9.70174076948664,3197
netUeZ5lapI,441405,3.45487704035976,25.69295771457052,189
kmzMsSrpAC0,102651,2.2990521280844805,22.98077953453936,639
xiebzXDCDGk,13073,1.3768836533312936,11.474030444427443,3942
IgX0KoJPwwg,260918,1.2302715795767252,41.1891858744893,194
mKwmGL2AuIk,401726,1.7549274878897556,35.837859635672075,386
QynCvny8ikQ,3502342,0.7118094121019592,34.683648826984914,422
ghC6t4_f18s,299579,3.56166486970048,55.541276257681616,129
wcDHsmGsHJM,466528,1.5990465738390836,25.77337265930448,152
WDq-KdSy0VA,45124,1.3739916674053718,27.745767219218155,3812
CPe7tXfVIVI,562511,1.7528546108431655,42.50939092746631,238
EAq-r2dm9Tw,400121,1.3520909924747764,34.71199962011492,403
3OzVDxmrfxk,1003842,0.862685562070525,30.93813568270704,324
s9E2zJm8FY4,10814,2.219345293138524,21.08378028481598,3295
FAy7-kkfHsg,396246,5.218980128506029,31.9220888034201,182
HWS5HE26f2s,190145,3.38688895316732,23.124457650740226,677
zjGk6iaIffc,8412,2.377555872563005,21.9923918212078,3498
zNJmQ4TNhFQ,960643,0.8744143245721876,35.085874773459025,279
466E0wbvmKk,402492,1.1726941156594417,34.3659004402572,361
AXiKlkQMass,308867,1.2270653711791806,43.01851606031075,209
7uPZO5N2KWo,449289,0.999356761460886,38.05790927443138,261
1Vgotb7TUBM,457711,2.997524638909705,32.232129007168275,157
-Uobm-Bh3bk,10122,2.963841138114997,22.62398735427781,3837
P6AaUM_xnUw,199527,1.9295634174823453,19.651475740125395,725
jeqMQ4GrpJo,881424,1.3058414565521248,36.72693278149903,228
HjSI2ZBt2q4,424205,2.2842729340766845,37.63982036986834,428
ZE6BCfHhfzs,256879,1.5844035518668322,50.76709267787557,204
W-_kZFU4qsc,311560,2.62549749646938,60.43779689305431,174
9T91h8qtGz4,744028,3.103377829866618,32.24744230055858,191
A9zmDgYNwn8,5815,4.299226139294927,19.08856405846948,3379
T6DV-cI3I_s,6204,0.8059316569954867,17.891682785299807,3337
XLVVnzFXKiA,322110,1.1300487411132842,19.872093384247616,721
C7l1xxZ2oe4,1671209,1.2966660663028982,33.96941974343125,296
SQGlCjzIPCc,564397,1.4457908174565066,30.225178376213908,818
b6HJjay8niA,1122484,1.574187248994195,38.91013145844395,242
guSpRAI3RyY,40488,1.1361391029440822,18.054732266350523,2895
TPcmCpbiDiw,537443,4.567926273111754,38.78736907913955,149
wl78cWXN-JU,134671,1.4256966978785337,29.28618633558821,138
ArWgu2Th1n0,268868,1.6588065519139503,45.69900471606885,268
B6B6UcX6MvA,10617,2.6372798342281247,34.66139210699821,3403
TK9dRFvm2Fc,133076,3.0208302022904205,25.819832276293248,695
GOvNjCdR8-g,418125,1.4756352765321374,39.0863976083707,311
czgaYCUr0-4,459581,0.5417978550027089,12.385194340061926,89
ImYFrKPHinI,785034,1.948960172425653,35.38827617657324,250
nGWsVXkx09c,31018,2.5469082468244246,24.59862015603843,3950
fbxo-w7kT28,1597722,1.8307315039787897,27.01033095870245,161
ddE2tsQ_2LA,4819,2.490143183233036,24.90143183233036,3228
nfNKH8x1yeI,485891,0.6894550423860496,24.01773237207522,148
S195dc3-8D8,592367,4.799389567616021,53.74539770108733,245
OCjN_yBkyDk,3544198,3.9498357597402856,66.11171272033899,1254
nbHGAu9Kn_c,2859199,10.27035893619157,86.65958542934577,636
gF-XOv6ajyY,4586317,7.471572505781872,86.941657107435,571
DAUqqz-xaJ4,5598308,9.743122386263847,101.34704985863586,1161
w3gXcIifc3o,8321295,9.31020952868514,79.61633375574355,2794
i3H136iSDu8,4637513,14.45451473667028,80.64753672927709,2237
Gld72uZeKAc,3105636,12.543002463907554,59.97773080940587,833
TBql5f5ipDI,2945795,3.3243996951586925,48.782077503695945,1048
jLIPA621fQI,4969577,6.234735873898321,62.29403428098609,945
jrHz8Bti6FY,9139876,1.8378805139150685,40.378665968772445,1186
JNpKUp5FTeY,3988294,5.437412587938602,62.49764937088389,794
OX_Bini29kU,13090427,3.042375928607982,47.23421168767069,618
gUU1HOj7o2k,2823426,2.946420412647613,45.75469659909628,787
S9rw7H6Guc0,3106211,2.8867968080726003,59.65370671857128,461
Mtl-Lc1y4YU,4420919,2.720475086741015,43.43689626523354,759
CiHUcQG7bH4,4392096,2.6003529977486832,53.838531762511565,983
AU4fXUVd3o0,4095771,2.5106384121573204,50.01475912593746,605
IKjK9_pTjYk,5758113,2.7048791852469725,44.191560672741225,823
yRXWYrgoHg8,6606362,9.13286314010646,43.69015806278857,956
Cylt4QXHuaI,4009883,9.901286396635513,78.50752752636424,991
BuEgzFAM6Es,8693630,4.757276304604636,61.8593153837925,711
HE2Jg3GXH6Q,4464968,4.7686791932215415,50.75825851383481,762
jw7LD2-gg14,6571992,3.398969444880639,49.53566589855861,803
3ewyEF3Wd9M,7831803,2.689802080057428,48.543866591128506,804
EtgxTKuN018,4428982,9.838829780748714,85.48262332066375,606
rQM4-zbS9fc,5717762,6.384141207696298,55.66950845453169,845
8o12WrHBhU0,6626155,3.6239719716789,58.32583149654664,887
kykfP6T09xA,3644863,3.2017664312760177,77.8542293633533,486
GzRw4l3JIbk,2530167,4.672023625318013,54.45332264629173,877
e2SUGfXVy4A,8615115,5.497430968710226,55.55514929284171,1069
wS8a5as4d-I,4872938,5.249605063721312,66.57626261610552,557
leeXT7b31MM,3830729,8.381433403407028,66.35290567408971,435
JN7qaeiRq8U,1776848,6.447934769884649,48.112725455413184,160
JfsxLhPn-oA,6827393,4.07725174162378,46.49461368343671,432
gim3d1qlZog,5553141,3.914361259690687,38.35829128055636,791
XdkMrDmODtw,3357914,5.399780935425982,76.40517297345912,303
OgHct5RkRwE,11488370,1.995409270418693,34.704836282257624,843
j5s-s1oGzVM,6058352,2.510748797692838,41.304466957350776,745
NvdDKjy-87w,3799838,6.330006700285644,80.67896578748883,390
cyIftAPf7kM,4856540,3.523702059490913,51.51671766319232,607
PSFs8QRPEY4,6390811,3.839105866219483,38.2414688839961,623
GZPuPoQe_3Y,5542581,2.134565106039948,46.50378587160025,398
DK0Ej9T3vfY,3695713,9.023427955579884,82.53535921214662,372
iL_wGOJAvC4,3079285,2.223892884224747,48.248213465138825,582
vb97DrNDSfM,2529538,3.4824541082205527,66.79322469162354,247
zlAqizx7Lf0,5681567,3.516811471201519,51.4384499909972,666
SV1ho61qaG4,5883271,3.391650665080701,57.205761896740775,607
wLjza0c-ykQ,7990984,1.7581063858969057,32.09141702698942,812
_HEjlT8DWqg,3297132,3.74901581131723,58.73346896636228,499
EhL2OWXZ26s,6782341,3.549069561674944,39.42060713255202,694
N3Dlpky9ey8,10256154,3.7529662678622016,46.885118924696336,1043
I5uXtODq74w,3968926,7.304998883829025,73.43775116996386,563
5uXsCaakZD8,7150130,4.373906488413497,61.21231362226981,782
-OProdXkbYQ,3563646,2.5504777971773853,48.4905066328137,393
f_F0ZZbcugc,10098617,1.9411568930676348,37.748139175889136,762
3C2OUQL6_yQ,8083083,2.2206873293271885,52.905927107268354,492
pj8n78AuN3w,8259512,2.87971008456674,71.41075647084234,400
XvYDPHEJ9Rg,7792167,1.921801727298709,39.25750051301519,708
CXUs5FOo-JE,8097633,4.126020529702939,65.49049580290932,828
9eN0CIyF2ok,10376114,4.839962244053988,70.74681330602189,1024
WXEdJX78L0I,10127646,3.550479548752,32.50034608239664,766
aGAxKpNWIA0,10137503,2.414203971135693,41.11614073011865,660
63OyhcOnEaY,3633736,5.68203083548172,76.8217614047911,348
RcRsHhsuhHw,11277541,3.693269658695987,42.79443541814656,981
8D3uG0u2__o,7489583,4.659004379816607,45.15738726708817,615
Mdi-ZdCRfBs,6591141,2.6711611843837053,42.88104290289041,560
j39XXH-hCYk,6656579,5.026155326932948,43.28664919322673,678
0Tbn_pRG07E,4006399,8.305962536432343,73.6292116686331,514
kNVf6_BjzjM,11691674,2.1168055147620435,36.42882960985741,705
ybCeaYsrM6s,12329762,2.609944944598282,38.51282774152494,774
uowrZJV6jVs,9940638,1.1309133276958685,27.319373263567183,635
ipQKBwQxoeQ,5469256,2.336698081055266,44.067054092915015,734
Ec1syKOdlwo,7495578,3.875885221926848,52.95588945909175,1063
e1mz3HRpNh0,2641245,4.194991377172507,52.23975814435995,536
G1NCwU4advo,2649258,3.317910146916608,49.94228572679596,607
Tn46t8NksX0,4028543,6.398094795066107,63.07218267249475,759
IP4F4p_fDrM,8871269,3.731033294109332,117.71878408827418,902
GH0wPmLIWow,8219649,1.5089452116507651,31.115440574165635,738
VQTfyuEdNfo,5168259,4.400708246239208,45.41471315582288,1436
wR1cR3-lauA,8427560,3.2056728163311803,40.46426249115996,791
Q7wwtmfBuew,6105821,2.34530294943137,43.024353317924,846
lfvkbZ1tLOM,8741083,2.431620887251614,26.53206702190106,704
eU3WlB15FQY,2499411,6.005414875744726,74.90244701651709,491
ti1ar3HAyic,4647069,3.638207222660133,43.20206994989745,724
NgZM-05i6kQ,12015617,2.546602475761336,28.811254553136973,1094
701xgdCzExo,5985597,2.918505873348974,38.83656049680592,610
NmPcx3CM-9M,5725423,2.3699558967084178,46.21737118812008,504
APC3yUn77Ns,5032548,2.7655970693175704,64.08701914020492,488
3nYOErXbzcw,3887025,3.725985811771213,71.225937574366,646
m40bWgWH8Ro,4632592,5.065198921035999,68.03189229701212,446
qwVwPBKiZns,5951269,1.783653200687114,37.19021943051138,619
ElKIiwNqpxQ,3252091,3.2665137599163123,48.22435780548576,625
JLNSiFrS3n4,7327885,3.2114314021030625,61.8523625848386,496
XRXr7zB5M2A,8408364,3.706785291407461,56.78250846419113,834
3n8B2CXa4Uo,7233819,1.896093888995564,35.28758460779845,281
qjYxXg4wZDg,7936276,2.4695461700172725,45.169170023824776,810
uqWUfTsEEOE,9424581,2.3428097227876763,30.984189111431053,822
YTBJxZx3AZI,10381991,1.9973047558989407,56.37386894286462,816
fBWf6Zvn0jQ,6633600,2.665822479498312,31.76480342498794,789
YbbPeliN4tU,8739851,1.4167289579650728,32.66874915830945,886
uKt7BMUy-40,4660776,2.9059538583274547,34.58479875454216,753
9HMzwFl5OLY,2441306,4.173585777448628,77.45690216629951,781
gherdHE_HDo,13066138,2.1985838508670272,41.68270685645598,1015
levGiU1xL28,7955118,1.963138698885422,31.043411298235927,749
q7Gh_-KDXAk,22544305,2.3548741023509043,82.1254414363184,1026
tT_H_LcXyeU,9165130,2.018847523166611,28.95714517961011,767
n42JN-TMSkk,9370637,3.2564488412047123,116.2172859753291,882
HkuZ_8KnCzg,3351792,19.48360757469437,179.58870956192985,486
mIJ167wCUgM,3758012,2.700363915815064,42.73376455423772,367
DmX9aoOVFoA,5092177,2.902491409862619,52.60638033595454,702
u0FE_iXC-OA,9966688,2.0067850021993263,27.60545930604028,915
YMOLmbgAmsY,2045023,5.497737678255941,58.56071056413546,411
ipTJNNvW-Gw,6133169,2.048696196044818,34.087272012233804,681
7yLeTi7Xmko,5989601,1.981434155630734,34.10778113600556,489
czpyiqUvfiQ,3194768,2.770154202120467,50.42932694956254,536
hvkijz4ITuA,2867503,2.841845326752928,39.79838905138024,539
WWPxoj9CrsE,2353326,4.15539538508477,63.251755175441055,1203
OuGPvlCVsqo,1276589,3.7968367266207057,56.19114687655933,439
_OG8tqbxLR0,4764670,2.7760579431524115,49.905449905240026,603
7Q23t41UnZk,4543207,8.131920909612967,43.67663634960943,1257
UkvwKDTS3Bo,5879484,5.528206216736026,49.04103829519733,479
PjTc-EiwHqc,3862398,8.47012658975072,55.43732158104887,414
tethcTt1k18,3853842,5.857271782288947,45.2792304406875,994
WkbeA0Qc2aE,4772183,1.926162513046964,28.12716947359312,665
p0vXpNqCuQY,4554973,1.9688371369050923,39.79584511258354,610
Jyge6fuXjbc,3980045,2.7972045542198645,34.832520737830855,1165
m7E-NFJaAgk,3923764,7.6347609081484,61.64183166979461,476
VDPStT65l5A,3751799,2.4894723837817536,61.60084801984328,391
r1SyxNgtgBM,7055130,1.463332355321589,27.641446720329743,390
25wZoyULlcI,3978247,3.639291376327312,49.66760485208686,464
LNmvEkikg1k,8851858,3.3629097981463327,34.89764521753512,738
xGBY3fNrYGk,10319243,3.586212670832541,34.20454387981754,799
TwArZLW3wbQ,5424910,3.316737051858925,42.41231651769338,770
_NrpQc5TlZ0,6711178,1.6111925506967628,36.08964029861821,632
tvrXHi-6Sh4,8788867,2.8960501962312093,38.10957658137278,560
UUkj4h_Tq-0,2729772,2.643077883427627,44.96456114283537,327
Kzh1YZODpZY,1751795,3.5843235081730453,66.51177791922,179
Li3_oyp4eJ4,5221242,2.0135055988594286,31.338712130178987,632
PRl1zMUKTxQ,6604638,2.818625335711056,52.43285097532976,604
hmXEVna7LNw,5714607,2.074333370606237,38.67352558102421,773
JjqjrxKPc7s,6158436,4.025859812458878,47.48088638089281,612
0Eq8gBI5riU,4379685,3.206166653537869,66.6107265705182,1056
10BxccZP1kE,2207587,4.54795213053891,47.74579665489967,674
Xtrsh4U_GCY,8406527,2.957107019343422,32.87314725807697,639
LDE5SRVyxFs,6302491,3.4713258614728684,43.662259890573424,752
hmNs9_kyHB0,2579724,4.543121667279135,56.3707590424402,927
Wt9XbFc3cHs,2161369,4.4041531085159455,60.10542392344852,157
BZ0jMJ4jEYE,8966968,1.9889666161404835,44.196655993419405,679
pxPYe7gHWa4,4248620,2.325460973210125,37.14570848887404,520
dzW-2_TP6wo,5603069,2.780975925872053,38.8619165675097,485
rrk9s0Rmrls,3624086,2.241944589615147,32.62063869345264,551
pscGUHS2BBk,9797408,2.6168145697310963,33.7616847231431,623
DdobS107uxU,6562847,2.9283023053866715,42.88078024674353,683
caVEiitI2vg,4666522,3.272672881430753,40.18924586662187,547
_8fU2QG-lV0,9853419,4.22503092581367,43.2011467288664,828
9Oqo-YmcYfA,5914596,1.6395033574567055,36.87639865850516,445
VjLI-vvuLcc,7980393,1.7219703340424464,27.026864466449208,961
ix4mTekl3MM,2637264,5.719184730842267,67.59277796989608,333
fEGVOysbC8w,7233614,3.5030898801069563,34.5702715129671,944
EBbLPnQ-CEw,7838287,2.1101549356383607,25.2499047304596,1248
H2ganadAS-4,6085691,1.0858257509295164,26.214771666849337,527
RMICTAl4LCg,5115238,1.7187861053581477,35.89217158615102,118
MqgtVpD328o,6866977,2.416201481379652,34.95715800416981,813
Dkm8Hteeh6M,29535551,1.7647884747435387,26.39080611700794,413
d7ez-gIt08I,5811324,3.4217675696622663,33.64878640392448,411
AemSBOsfhc0,8024551,2.4772725601719023,41.646068421772135,699
8qwxYaZhUGA,5975793,1.8442740570163656,35.158346348342384,604
dwcmWhPcTk8,7272620,1.547172820799107,32.85693463978593,376
2QOx7vmjV2E,3978357,1.4405444257516358,35.27461210746044,387
LuFhH98DOwc,4524054,1.6250911240228345,47.07724532023712,177
YJJN-8Y0BP4,4834147,1.6385517444959783,26.765218351862284,510
CrKkjXMYFzs,3224835,1.2040926124902511,27.39364959757631,905
QrhnJF85xXA,4335870,2.188718757711832,29.708224646956666,629
lg2SfVD5cqk,4284613,1.611580789210134,24.93200669465364,692
ejdl2eANH-4,1447572,2.5974528382698754,33.33927431588895,636
QPCDoANDkl4,12040574,1.4685346396276455,23.38850290692121,645
4UNLhoePqqQ,5564689,1.258471048426965,26.027869661718743,432
_SLuVON8oe0,5875805,1.2747189534029806,23.82482059904984,531
dmN8wH8LyBs,5808452,1.3170462629285735,25.03386444443373,720
XRBkS-QWo6w,6789973,1.623128692853418,24.565929790884294,319
W_qePqppbdQ,14657677,1.2221581905509311,27.451348532240136,697
Dl6sPqdeaTM,3757880,1.0508584627502742,21.82134607810787,436
H3_LHq_kjnw,3049289,0.8844684777336619,30.563518249664103,357
eHp-ZEst4NE,4770524,1.336540807676473,22.741317306023404,405
LUHQnZUDh3I,4496973,1.471878972811267,23.914530952265,473
HPYvLlNiN1I,6290298,1.1460506322593935,22.99827448556492,420
2Jrk7-1YPis,6390969,1.070260237532055,27.59957058155031,329
FNIY0wwQdWI,5922007,1.1808496680263971,19.818112339279573,391
L0Cxt1pReMs,5568930,1.354120091292223,18.81851630385011,491
wYV64wOpaYk,2008483,1.0958519439796104,28.09483575414878,469
e5uwvHNM-xY,5146536,0.800927070169139,23.713620190357165,450
CwOLcab9Zmk,1082243,1.1716407498131196,23.397702734044017,65
BW5XRBmP4AY,2780072,0.9636441070590978,21.05485037797582,620
lCdHP1BBR_c,1626560,1.1859384221916192,33.61142533936651,230
FhQYnvK3khM,1014823,2.5974972975582933,30.641796648282508,337
S34_19FASHc,3715569,1.2800192917962228,22.02596695149518,462
19VI5bmDUV8,911958,2.1261944080758104,43.13027573638259,214
tVaAv0cPRok,8406997,0.9707390165596586,23.09350175811886,408
P2C_CXcQprE,5636440,1.1171945412352478,24.61003754142686,461
DWxDidlOGyg,5045163,0.653695430653083,22.97507533453329,261
c4dvhxrsffI,7264098,1.0852001170689052,23.634730698842443,340
mCYChsmqgYU,6493457,0.7869459981023975,19.244140678840253,429
UEg7qjFcGXw,5101052,2.0632998840239227,24.802923004901736,587
57XODCEgJ_4,1371515,0.7838047706368505,24.40658687655622,358
LkIpwHn5AEE,2993930,0.8914704084597836,22.015544785616232,442
zBVHl3QjFWI,2295222,1.219925567112898,24.47693512871522,466
17rZTpoXVzw,4706419,1.1218720645144429,19.53141018681082,422
JV9XUp5Rmws,5282501,0.941599443142557,20.978888598412,706
ZdbrSZPrm_Y,805466,1.3420802367821858,24.35484551799828,82
ArEugWw5IQ8,4245809,1.1703305542006246,19.35956139336461,723
YdzYeKMGdGA,629082,1.414759920010428,26.53708101646526,655
JlVwcv0rl28,6040201,1.2443294519503574,21.60077123261296,745
gu3U-pmuqPU,1681098,0.8714542519234453,21.5888663242714,318
VMaRHLMjGws,1597781,0.7929747568659284,18.955038268698903,88
4-Btkke8O6Q,15627210,0.7175305124843142,13.071687140570836,621
1ElpE-THkRE,6051210,0.8466075379965329,19.235987513241152,434
WRWrmT0ovPE,5911658,1.8499040370738635,23.81430048896604,349
Prv5q84-Ebg,3522539,0.7576921078801399,21.60401914641683,312
EMaaMq8T7Cg,3529639,2.4030786151218297,38.02825161440023,154
pDkIl3WF3sc,3364368,0.9731396803203456,20.361327892787,604
Td7TvlveSEE,1761701,2.427767254488701,29.328472879336505,1473
QQWwusO9Jmk,490520,2.281252548316073,28.81431949767593,122
WbsCmWJadcQ,2093192,0.9444905197420972,21.331058020477816,502
GUsQXymovS0,3774360,0.9026695916658718,17.563507455568626,645
aS9TgoMfnQ4,383822,1.3469785473474682,18.59455685187405,103
fQDq-RN7leA,246660,1.763561177329117,30.633260358388064,162
rr5JeJ3gzMw,534550,1.7697128425778692,27.787858946777664,371
QNIMG6EFB8I,4739620,1.4813423860984636,22.47121077217161,692
XD4witkTo6w,269230,1.7308620881773948,34.7212420606916,94
idY1boBrzso,3146130,1.12455620079272,19.09743081182278,542
5X-nhyinKIE,334356,1.2382011987223198,35.17209202167749,34
NOB2CLEdzyY,541540,1.4791151161502385,26.55205524984304,385
T7Fib7KNb0U,410369,1.6862872195511844,22.53825215842328,64
MOMhI4Duolw,953541,1.3465598228078288,20.154350992773253,129
uX5DebXH4Uw,1719946,2.5925232536370326,24.76007967692009,582
xPKWw7_pw5U,356192,2.462155242116612,27.30549815829665,349
q0rmyQfFyKw,2915535,1.0107921873686991,19.19887773599013,393
gN9QfAGzM8E,343631,2.013788045898071,26.23162636665493,298
HHrMkAsGFlE,609863,0.9543126898992068,20.404582668566547,19
sw0T0iV8Vd8,346259,1.080116329106247,17.787263291351273,65
PbXNbBxG0I8,4080309,0.9256651885923346,20.424923700631496,390
g_IOgcZZXW4,263531,1.9200777138173497,20.885588412748405,108
xM_8OVMYZRI,3700037,0.5197245324844049,19.791693974952143,168
xhBUgo4N3oo,3981729,0.8955908350367391,19.79542053213566,488
bUKZJ-CJfKw,1809811,1.2725085658115682,23.88370940391013,238
qLvRbY8FbAk,1117738,1.010075706471463,20.086102467662368,76
n-iSdBlR63Y,381713,1.920290899183418,23.027772174382324,236
UviHeOoBrpg,2002313,0.3840558394217088,16.67521511372098,52
Pq9ncVyOuaM,870238,0.7009576690514548,16.210507930014547,70
ICc0pH6QGUA,638603,10.77038473041937,11.910373111307026,1661
-0Wy5kbBib0,303524,6.5299613869084485,23.66534442086952,1871
kgTvGC5ACNY,127261,5.04475055201515,38.54283716142416,1415
1hfuUz_FVMo,197620,7.458759234895253,32.49671085922478,2147
IfKiKG44K6Q,473054,2.483860193550842,30.968980285548795,58
_wQ4k-OtRC0,342681,2.2061334010347817,34.75827372979535,60
GmU1eRicIgo,207290,1.6932799459694148,38.46784697766415,15
cVc70bo040s,143251,2.959839721886758,45.765823624267895,51
eciz4tm5S4k,412451,1.893558265103006,51.787969964917046,15
rzfS7pdadvY,197488,2.445718220853925,56.54520781009479,15
HpnNYI6fNx8,282333,1.2538385523477595,39.81114499544864,11
aHd3uTVgyHI,148703,6.375123568455243,78.04146520245052,57
IHad6G-xXxA,301806,6.0436174231128605,33.17362809221818,730
SiDqUjxz-CU,462624,2.9808224389569067,47.729905927924186,535
ILwA0cA1Vtg,208809,1.096696023638828,50.02657931411002,57
244C5Uc3YYw,268232,4.175489874437054,38.56363148319365,490
vG1ekfL33z4,80942,1.4084159027451757,49.986410021991055,16
JG4yZHk8ais,216272,5.24802101057927,49.18805948065399,737
tFFgs4Y55xo,116863,0.9070450014119096,37.993205719517725,14
TOAYvdTcsi4,137808,3.0912574016022294,64.19801462904911,54
xyBWyz1Lg64,398870,1.9831022638955047,34.820868954797305,15
B1ej47iiN-k,508940,1.7860651550280977,29.75989311117224,606
ofBsmXJnFNM,283333,3.405886359866306,44.82358214539076,870
txkZSfxGS1E,448913,1.6818403565947078,31.23990617335653,602
jo3biwr1taQ,312131,4.286661690123698,51.0330598370556,620
MxOf5Mujt3o,352216,6.240488790969178,33.99618415972017,2431
hKQuLT8kMDg,341556,3.6011664265889047,50.15868554497652,774
CasSgwxosY4,552503,3.2017925694521114,40.67670220795181,307
VcMkVzIBLz0,399218,6.28228186103833,52.79571562404501,766
IkI6uiZ6Io0,2664465,2.423751109509789,34.71916501061189,168
6BUFa_EtAPs,2085506,3.002628618666165,36.58200935408481,685
HtNqck1nPjw,575790,5.538477569947377,44.92262804147345,726
3iLcUNQHWKw,419574,6.797370666437863,50.777693565378215,1858
QTPbFDPDUlY,1250058,4.213404498031292,44.21474843567258,782
6upvx4MwX1g,676314,3.307635210863593,64.93137802854886,193
RQEJ1Dsp1cw,822022,5.525399563515332,33.02588008593444,649
rzuiaMJUiTA,420209,3.4530436044920503,52.30730422242265,674
1WFSkuQiep8,568667,3.152987600827901,43.732096288337466,627
gjHYRZaT9wI,519219,4.807220074766139,42.65637428522454,646
JYKNkLUb3wg,827045,5.335864433011505,41.84173775308478,692
9w0p2i3cuKQ,983009,5.570650929950794,50.97715280328054,654
sjpu1D_YiYk,406490,4.954611429555462,34.02543728012989,651
C1-40ITtJ_I,277834,7.0077816249991,52.21463175853207,855
tBhlI1LYkCI,575291,3.269649620800604,44.58439294200674,730
FvLJxgua_RE,645556,8.530630959978685,65.47069502878139,633
WOLsMTVaNjM,926451,3.411945154141989,41.98710994968973,636
QwNCi9gsSLI,1015142,4.556012853374208,46.74715458526985,879
HuqObsIZW1c,685217,3.844037728194134,37.9748313308047,909
KAFebNjvGeE,511476,7.349318443094104,46.79007421658103,662
ThSKcX_Dw5w,1405745,2.321189120359667,26.23875596214107,1015
C9NklfoDuRs,2313775,8.155503452150706,42.29624747436549,712
LnIfx1dhhPs,421589,3.8070253256133344,48.1843691367659,547
LFUfGx7LJks,728330,5.593618277429187,54.07164334848214,381
_SWjQV7ztaU,846812,4.064656617997856,37.28218305834117,1887
w5YKuWZdZ0k,601408,4.891853783122273,53.765496967117166,482
lH0A7UsB29I,1474735,6.298080672120754,51.72725947373596,604
EVnlfzka4SQ,1114840,3.089232535610491,34.68120985971081,501
A3RPrcLreik,350613,12.28705153545362,64.23606654630603,605
XNUkw5M1514,933989,3.780558443407792,43.9609031798019,613
ni0mwspF6QI,439319,11.42450019234315,59.25989998156237,826
OV0WVogbQJo,374103,17.297375321769675,80.33883716516574,521
8M-OPPcEfz0,759189,11.21196434616413,56.3759485450922,502
c0E3tyRb_0k,3469935,5.787716484602737,59.97691599410364,166
teEihepu_-U,610828,5.677539340043351,47.78923035617228,700
3jHWqHbGLWI,384704,22.074114124105805,65.01102146065547,1975
yKVRuBpxA0c,700563,8.069224323865233,56.299005228651815,686
gcYJex6mQxc,688828,4.352320172815275,53.28906490444639,659
fa6bFvWtUJ8,1130607,4.759390309807033,38.39441998855482,732
BAgEbCtHcHI,2557400,5.493860952529913,32.9952295299914,578
cYOSuYrr4O8,717711,26.53993041767508,58.63641493581678,537
t4fZyo5Bg-k,878166,6.029611713502914,41.46254808316423,619
TjqaeiNEU1I,382896,16.952383937152646,61.49189336007689,718
cZFMN9KT6to,1380109,5.241614973889743,40.5489711319903,238
tvorHDo5u8I,572155,6.258793508751999,57.01077505221488,602
_HIcG0kO2_4,3324550,4.556105337564483,24.15935991337173,853
6chskb08-W0,734907,6.588588760210476,43.46944579382153,628
W3wYABF20lo,1396779,4.21612867891055,37.628715781093504,1658
gLA041r1TK8,501659,17.69329365166378,71.64428426480936,608
zy7XrmGytt4,1543049,3.423740918143235,30.21290963540368,696
VMD49qR5-W4,717788,5.002869928168206,41.79367724174826,634
6hAhRjWUww0,1359049,2.4531860146322906,31.02831465237825,609
dUqx1A9vEKA,473607,7.121938653778344,46.52169414725712,643
5l0sH0HMLN0,3493660,6.002873777070465,33.51499573513164,736
I_ftMXp_9Vo,925843,2.510144808569056,30.06881296288896,606
8YUo4HBpVCs,879787,13.71354657434129,34.56745780512783,1223
1DbbsANQf3I,1441916,1.9113457371996705,27.08548902987414,611
155iLs-Lz-I,2809246,2.1059031498131526,28.18870259137149,602
LLYKuUoeQDE,537903,2.240180850450732,36.55491789411845,74
aCNL-ZVjMr0,531275,6.394052044609666,42.38482894922592,632
SEYnumwq21E,290886,3.551219378038132,45.06232682219151,602
w3AgHxt0OJs,1503691,1.6865167112126096,25.057009718087027,646
gr9rUJG9RHo,211826,3.781405493187805,45.485445601578654,609
Nv-W7WlYQKA,1589988,2.678007632762008,25.14861747384257,902
ivgJ8KfO0NE,976029,2.6443886400916368,33.305362852948015,603
cGogW9EoEj0,1343434,2.19586522300314,33.939888375610565,607
WpWdNxCpWOc,5671268,3.7393753918876698,15.640770282765688,802
DRv5wa_XZ8M,1521492,2.1518351723176985,29.34159364623672,645
TvGExWtiDz4,992910,2.4332517549425425,33.480375864882014,644
O53OrcEIBrg,537027,5.139406398560967,51.31771773113829,139
EMYb8cGIMQ0,332623,7.041004380334493,58.85942944414548,385
O10Lx8ktJ_Q,893198,4.230864825044391,49.1581933680998,731
TRNAV4KJj_8,709626,4.444594758365675,48.636887599947016,607
bW-EO2wCDwM,672989,2.410143405018507,59.180759269468,49
5XXYZTgQp4k,726059,3.841285625548337,30.98508523412009,641
-hXbcBTJaNQ,1169603,2.22896145102227,32.11517070322152,156
ojxNzl8mtc0,4302431,1.277649775208481,16.917644931435273,278
dmYAc6Vj0Ds,2020942,2.309813938252557,25.889411967290503,851
upuNwpf9gEQ,1168415,2.0882991060539275,27.277123282395383,714
55XWyEtT7rw,2250665,2.154918657374598,28.643978557448577,781
Uz7zSob7i3c,886029,3.322690340835345,35.59928625361021,620
OeXS1CYjfIg,962959,15.738987848911531,45.10887794807464,355
6KBvDnM8WHA,768582,3.861656921447549,34.96438896565363,72
_5Dp9kbWgPI,2806293,2.5735017690597526,34.009278432437384,151
OgfP-hLJyTs,5772526,1.2798556472504412,15.512099902191864,609
fdBgU8ZndPk,2473593,3.623878301725466,35.622270923308726,681
wrvYz3ijEj4,2751837,1.4506673178680278,22.22479020378024,642
cjdPPS9xdZQ,5489362,1.7391820761684145,18.524739304859107,621
SDAawEb-qJs,12170414,1.3062004299935894,15.413280106987322,606
BBG8nlJg9qk,1838791,2.639234148959833,36.93894520910751,157
RQTIV8758wA,1080991,6.08238181446469,37.36293826683109,623
wl4UXXSBYT0,353623,3.223772209386833,38.12817605189708,44
X-MpkNCiVQ0,1510028,2.63769943338799,36.63706898150233,408
mPDo8txVhiY,2529979,5.346684695801823,35.16590453912858,200
GZGYEW2ROwU,4508870,1.5604796767260978,24.677358185088504,177
VCtQFKfeRvw,844099,10.06517008076067,68.0145338402249,655
zeY6yDesBVs,1237553,5.258764675129065,68.61766728374461,325
kqPndWz0HXo,1435817,3.228127261343193,29.49331286647254,629
HXu5vZX9900,15107123,1.8405887077241645,18.353726252179182,1117
SV8CG4Fc5no,1665903,4.051856560676102,38.16788852652285,285
PqOowyAumHo,1045767,4.029578290383996,33.95402608802917,648
yDFVn05N3qg,2873177,2.342006775078598,29.525156299107227,613
0gHsT4r0jn0,4929423,7.36678511866399,29.5170448955182,619
YMQ3GLI_xhE,3599408,5.334488338082262,38.96335175117686,394
0ei7FyrVWHU,2999827,1.2250706457405711,29.062009242532987,408
5hWlR85CL9Y,808124,5.725606466334375,54.537422474768725,657
wAHgFC6Ex-c,886831,4.49803852143193,50.388405457184064,208
Tg-zG7f1A_E,2408770,5.247076308655455,37.37924334826488,178
-YYC77K7gV8,1122121,5.431678045415779,62.045893446428686,150
967s_n9XiK0,9392675,1.3180483728011456,24.87661928044993,403
BAq4EIScUlA,2258416,5.913879462419678,40.17727469164228,347
11kLeuNrj2Y,10655184,2.6722203952554926,22.905939493865144,196
Snig2eU6j_I,1813097,3.388676943373686,39.659764480333926,216
QYQ9weNatKE,2008149,3.923513643658912,49.89719388352159,190
4Ic50_Tc9lA,3063787,2.66794003630148,28.429522026172187,635
i8rhjvuotvc,6522146,3.239424569765841,33.36877156690451,322
FHowW6Fh96k,9055936,3.0567795532123903,31.57685743362144,207
4UU7Bs-n6TI,3457010,1.667047535297844,24.233947833532447,28
P1-LJJ1dO2g,8496855,1.6802687582640872,27.40566950948321,296
5kzKjNwypjQ,2814773,2.0083324658862365,23.360675976357594,606
cghnCHgCKQA,15125726,2.6184528266610143,28.179407719008,284
d3D85n7mnaw,711342,7.786690508925384,47.85461845357086,227
QD0mttu4l2w,2116967,2.733627874218162,27.10764976497036,409
54T8dy2EcF4,3869595,4.016699422032539,27.19509406023111,878
ei-k-htwtZE,8701364,2.161155423448553,21.91518479171772,602
QXBDOSJPGbo,56390093,1.2112411306007245,10.85527558892304,342
fLEsBgKy1V8,1143753,25.022885185874923,48.85233087913212,233
esyocTUrSxE,3808632,2.0180474249021696,22.22740343514417,121
ettL0Ba14rI,7881470,0.9651752782158658,13.941434783105182,176
XbZyx05ylRk,1543663,3.681503022356564,27.60252723554299,351
KP044WguGnI,6046224,1.6894842136182848,20.31350475933409,400
Q92PPK4s4Gc,4778744,1.3754660220342416,22.279703620867743,395
ADdKamkgoz0,1200781,4.437112179489849,42.70387356228988,185
ucKa60BsJZc,2048925,3.358834510780043,33.758190270507704,94
fECCWNUKnl8,3131762,8.01018723645028,28.627973645506906,603
ZpQePREjJok,1440442,5.577454697932995,41.49073687104375,290
To1pLHu8qNU,3617409,3.3822550892088783,19.4111310056452,689
4ypkQYqIzk0,4186930,2.512103140009506,31.14835929905683,361
Ng1OwJ6vso8,8197881,2.89904183776271,20.990912163765245,274
v2LjkWV7gFs,1216281,7.972664211641882,55.453468400805406,195
g6nZcwki-oo,2538069,4.021955273871593,37.62663662808222,287
_RGr-tzYnAw,4093561,3.122464768449768,32.04593751015314,122
VnHsWLXyjeY,1835486,4.730082386899165,50.14366767166843,194
WEa8LkCpQUM,1671751,5.304617733143274,33.88064370830345,185
odtPzy0fJEY,1689159,2.6403671886423954,42.78282861471301,199
b9WWJujKVd0,5004917,2.409830173007864,24.45974628550284,613
pKFGLoKfZBI,1376843,3.922742099135486,42.40933788384006,619
bkzCoHEt2rU,6455614,3.801342521408498,40.08061820300904,312
0-98vn5qmGM,2562007,7.895762970202657,36.358995115938406,241
QW8FnmSStDc,8208932,2.764062365238255,20.607431027568506,335
EfuxKPqveXA,1446742,3.726994861557901,25.44752277876774,150
9pTch2eT3u4,808315,3.230176354515257,32.09392377971459,152
HhTJQZFbYV8,2223375,5.798841850789903,30.802721088435373,602
CiRYTdmRkXI,1070761,6.761546227402754,40.86719632112115,341
dUhAKmeBvtk,3828172,2.411333660034084,19.17494825206391,643
eFgu6Nab9r8,16164223,0.7910680272104635,10.41850264005885,633
psOr3yPxf_Q,495821,3.6666458258121377,37.01739135696148,135
od_AQVa-4J4,704668,5.51181549325356,37.56520801285144,253
A8O_QYgyKDw,1489462,3.505963898374044,33.257646049378906,365
MZHtMvgo1bI,644211,4.380552334561192,50.561073933850864,47
6PQhLzbh1ZE,901995,3.9667625652026897,38.71972682775404,243
XU6PnUbXuB4,5418067,3.633583711681676,23.648101804573475,795
PKfTBLdb7VQ,2566835,3.5853492725477096,22.71708154205471,818
GQ0tVGVN8bc,388849,8.928915851654498,54.766760361991416,437
rRiVRKNibN8,3498601,3.533698183931234,20.36756978003493,772
031UtGzPxXY,728759,11.744623394016402,42.4735749404124,263
WbJN76qXWXY,14653985,2.1742891097541044,21.884763769036205,134
7V-bNXZwNFc,1775439,3.1924498673285875,26.81083382757729,509
Pn9xgyIbYc4,499628,8.718486553996174,47.925656688576304,252
EXJvyWIQE9E,3558291,1.4150051246511317,21.3495748380332,323
xDM2Bv0vY5Y,2253373,1.669941017310494,21.614264482622275,242
zJcLVdnpfk0,2939079,1.9237318901601488,23.85134935127637,404
kfogvYFSsX0,7581821,0.9782610272650858,15.10600157930397,311
XVA8c5uY7v4,1481042,3.919537730867862,34.11787106645186,140
KA4qD20VgAg,669743,6.220296442068077,49.87136856973496,234
1-JvBcjQx1Y,4414216,2.8043484958597404,20.01873039289423,285
yognIShjHk0,798776,3.7231964906306647,45.17161256722786,348
nZxPq-eUzfA,326962,18.482270110899737,35.91548865005719,34
WBdOWHU7tWY,2636525,1.7253771536397342,24.735210172480823,114
CH2i_DKCH9k,801233,3.1825948257248515,39.29443744828284,243
jcZU_WeGocs,4967016,2.1532042578481727,15.013440665381388,256
CcH29fkP-tA,1130587,3.894437137522367,39.66700483907917,215
AMp1jbNwJk0,2006321,1.9941973393091128,26.61438523546332,214
OTFIZGQYa78,925023,5.34689407722835,39.05416405862341,350
vtpL1UU1TZ8,607054,5.702952290899986,55.34598240024776,196
wowWHHmX5qU,861982,7.190405368093534,47.42326405887826,226
mOFIbSaFbp0,574791,6.482356195556298,51.04464057370418,25
rPgYv6TFx0o,802016,9.10081594382157,47.526483262179305,160
xMah8FE7qzc,2269800,3.0593003788880075,34.60789496871971,101
iXYbxlvI7Ug,4259960,2.436407853594869,18.96426257523545,179
cuh6m0mb4os,565524,6.5832749803721855,37.950644004498486,690
b8sZpNUMgA4,2080403,2.7826339415968926,23.19117978583957,293
2EcuLH4XKyg,834335,3.810220115421264,38.33951590188593,306
ddobTXlk2ZA,676111,3.4077244712776453,55.442079776841375,368
t1qZw2NJ_PM,1440812,3.379344425226886,23.42151509010197,199
T_mDKk1hk3Q,2016977,2.1621466184294613,20.293240825254824,131
ErtAlF5nWUI,394838,6.615371367497556,63.53491811831688,31
K1qDBaAwgHU,3011670,6.922405177194048,37.87865204355059,377
_bFD6a-22XQ,855455,9.255893062756078,45.73005009030282,122
wzv41m0QQtc,1272532,3.693423819597464,47.83141013349763,163
DrYzp16sD5g,1743224,4.309830520919859,31.850181043858964,466
s7PtsH9ZyzI,754027,5.099286895562095,45.92010630919052,385
1bsnmk3VL3Q,945600,3.2201776649746194,33.45812182741117,303
JbazoX5Su1w,1444909,3.230653279895136,27.19340802777199,256
qwZQUAY5piY,2085922,1.7320877770117962,29.78155463147711,382
7pmrT9epxQA,9319722,2.6324819560068424,22.737480796101,560
RRZB4fjnUZE,874825,1.785499957134284,35.09273283228074,455
IruphG6hCKk,449835,8.091855902719885,52.91495770671468,161
t22XLaR0W0A,9404328,1.9209240681524504,13.245816181655936,297
kfVKmmURo-s,1354988,2.4959630638795325,40.86604457013642,316
5pcSD5dA8sg,452694,3.744251083513367,45.730670165719005,363
QXIdY2NCgQw,3442061,1.6222838584208703,19.080719371330144,401
fEqzx-36pOo,12137521,1.9124992657067288,18.24013321995488,178
aaxCivw_KiM,1459999,3.8356190654925104,46.5993469858541,401
ZMljCafpeU8,457599,3.883312682064428,51.26540923384885,305
amimgO6Yzbw,522183,9.27261132591448,72.79248845711177,471
Z3EYMQdcQlY,755750,10.54846179292094,62.1488587495865,147
-SJ5aaB6o7I,780570,3.374457127483762,45.1400899342788,156
7ZDmFxRMZPs,319067,4.4880855745031605,47.04341094503662,63
SsGtBQW5DVU,533235,8.457809408609712,56.43102947105873,216
puREqwXzyCI,280250,5.384478144513827,50.96877787689563,160
