Day,Hour,Count,Average per Video,Relative Probability
0,0,2351,391.8333333333333,0.09425868013791996
0,1,1354,225.66666666666666,0.054285943388661696
0,2,1174,195.66666666666666,0.04706920054526501
0,3,949,158.16666666666666,0.038048271991019164
0,4,822,137.0,0.03295645898484484
0,5,759,126.5,0.030430598989656003
0,6,696,116.0,0.027904738994467163
0,7,581,96.83333333333333,0.023294042177852615
0,8,485,80.83333333333333,0.019445112661374386
0,9,461,76.83333333333333,0.01848288028225483
0,10,404,67.33333333333333,0.016197578381845882
0,11,358,59.666666666666664,0.014353299655200064
0,12,319,53.166666666666664,0.012789672039130782
0,13,326,54.333333333333336,0.013070323149707321
0,14,278,46.333333333333336,0.011145858391468207
0,15,261,43.5,0.010464277122925187
0,16,232,38.666666666666664,0.009301579664822387
0,17,240,40.0,0.009622323791195573
0,18,194,32.333333333333336,0.007778045064549756
0,19,191,31.833333333333332,0.007657766017159811
0,20,219,36.5,0.008780370459465961
0,21,206,34.333333333333336,0.008259161254109535
0,22,181,30.166666666666668,0.007256835859193329
0,23,170,28.333333333333332,0.006815812685430198
1,0,159,26.5,0.006374789511667068
1,1,164,27.333333333333332,0.006575254590650308
1,2,159,26.5,0.006374789511667068
1,3,161,26.833333333333332,0.006454975543260364
1,4,185,30.833333333333332,0.007417207922379921
1,5,178,29.666666666666668,0.0071365568118033846
1,6,156,26.0,0.006254510464277123
1,7,149,24.833333333333332,0.005973859353700585
1,8,162,27.0,0.006495068559057012
1,9,127,21.166666666666668,0.005091813006174325
1,10,115,19.166666666666668,0.004610696816614546
1,11,119,19.833333333333332,0.004771068879801138
1,12,112,18.666666666666668,0.004490417769224602
1,13,109,18.166666666666668,0.004370138721834656
1,14,85,14.166666666666666,0.003407906342715099
1,15,115,19.166666666666668,0.004610696816614546
1,16,93,15.5,0.0037286504690882847
1,17,98,16.333333333333332,0.003929115548071526
1,18,101,16.833333333333332,0.0040493945954614705
1,19,77,12.833333333333334,0.003087162216341913
1,20,110,18.333333333333332,0.004410231737631305
1,21,100,16.666666666666668,0.004009301579664823
1,22,109,18.166666666666668,0.004370138721834656
1,23,98,16.333333333333332,0.003929115548071526
2,0,119,19.833333333333332,0.004771068879801138
2,1,98,16.333333333333332,0.003929115548071526
2,2,115,19.166666666666668,0.004610696816614546
2,3,114,19.0,0.004570603800817898
2,4,102,17.0,0.004089487611258119
2,5,125,20.833333333333332,0.005011626974581028
2,6,118,19.666666666666668,0.0047309758640044905
2,7,105,17.5,0.004209766658648063
2,8,91,15.166666666666666,0.0036484644374949883
2,9,99,16.5,0.0039692085638681745
2,10,60,10.0,0.0024055809477988932
2,11,55,9.166666666666666,0.0022051158688156523
2,12,57,9.5,0.002285301900408949
2,13,64,10.666666666666666,0.002565953010985486
2,14,74,12.333333333333334,0.0029668831689519688
2,15,63,10.5,0.002525859995188838
2,16,53,8.833333333333334,0.002124929837222356
2,17,68,11.333333333333334,0.0027263250741720794
2,18,59,9.833333333333334,0.0023654879320022452
2,19,48,8.0,0.0019244647582391148
2,20,59,9.833333333333334,0.0023654879320022452
2,21,70,11.666666666666666,0.0028065111057653754
2,22,56,9.333333333333334,0.002245208884612301
2,23,45,7.5,0.0018041857108491701
3,0,66,11.0,0.002646139042578783
3,1,55,9.166666666666666,0.0022051158688156523
3,2,72,12.0,0.0028866971373586723
3,3,76,12.666666666666666,0.0030470692005452648
3,4,57,9.5,0.002285301900408949
3,5,73,12.166666666666666,0.0029267901531553203
3,6,61,10.166666666666666,0.0024456739635955417
3,7,54,9.0,0.002165022853019004
3,8,46,7.666666666666667,0.0018442787266458184
3,9,44,7.333333333333333,0.0017640926950525217
3,10,42,7.0,0.0016839066634592255
3,11,38,6.333333333333333,0.0015235346002726324
3,12,49,8.166666666666666,0.001964557774035763
3,13,35,5.833333333333333,0.0014032555528826877
3,14,34,5.666666666666667,0.0013631625370860397
3,15,32,5.333333333333333,0.001282976505492743
3,16,31,5.166666666666667,0.001242883489696095
3,17,35,5.833333333333333,0.0014032555528826877
3,18,31,5.166666666666667,0.001242883489696095
3,19,37,6.166666666666667,0.0014834415844759844
3,20,32,5.333333333333333,0.001282976505492743
3,21,28,4.666666666666667,0.0011226044423061504
3,22,33,5.5,0.0013230695212893915
3,23,24,4.0,0.0009622323791195574
4,0,32,5.333333333333333,0.001282976505492743
4,1,42,7.0,0.0016839066634592255
4,2,35,5.833333333333333,0.0014032555528826877
4,3,39,6.5,0.0015636276160692808
4,4,34,5.666666666666667,0.0013631625370860397
4,5,41,6.833333333333333,0.001643813647662577
4,6,52,8.666666666666666,0.0020848368214257075
4,7,41,6.833333333333333,0.001643813647662577
4,8,46,7.666666666666667,0.0018442787266458184
4,9,39,6.5,0.0015636276160692808
4,10,45,7.5,0.0018041857108491701
4,11,29,4.833333333333333,0.0011626974581027984
4,12,26,4.333333333333333,0.0010424184107128537
4,13,30,5.0,0.0012027904738994466
4,14,21,3.5,0.0008419533317296127
4,15,14,2.3333333333333335,0.0005613022211530752
4,16,23,3.8333333333333335,0.0009221393633229092
4,17,30,5.0,0.0012027904738994466
4,18,29,4.833333333333333,0.0011626974581027984
4,19,26,4.333333333333333,0.0010424184107128537
4,20,26,4.333333333333333,0.0010424184107128537
4,21,19,3.1666666666666665,0.0007617673001363162
4,22,20,3.3333333333333335,0.0008018603159329645
4,23,27,4.5,0.001082511426509502
5,0,23,3.8333333333333335,0.0009221393633229092
5,1,46,7.666666666666667,0.0018442787266458184
5,2,35,5.833333333333333,0.0014032555528826877
5,3,22,3.6666666666666665,0.0008820463475262609
5,4,36,6.0,0.0014433485686793362
5,5,34,5.666666666666667,0.0013631625370860397
5,6,30,5.0,0.0012027904738994466
5,7,36,6.0,0.0014433485686793362
5,8,29,4.833333333333333,0.0011626974581027984
5,9,26,4.333333333333333,0.0010424184107128537
5,10,8,1.3333333333333333,0.00032074412637318576
5,11,17,2.8333333333333335,0.0006815812685430199
5,12,23,3.8333333333333335,0.0009221393633229092
5,13,19,3.1666666666666665,0.0007617673001363162
5,14,17,2.8333333333333335,0.0006815812685430199
5,15,19,3.1666666666666665,0.0007617673001363162
5,16,19,3.1666666666666665,0.0007617673001363162
5,17,23,3.8333333333333335,0.0009221393633229092
5,18,20,3.3333333333333335,0.0008018603159329645
5,19,24,4.0,0.0009622323791195574
5,20,28,4.666666666666667,0.0011226044423061504
5,21,13,2.1666666666666665,0.0005212092053564269
5,22,33,5.5,0.0013230695212893915
5,23,29,4.833333333333333,0.0011626974581027984
6,0,21,3.5,0.0008419533317296127
6,1,23,3.8333333333333335,0.0009221393633229092
6,2,31,5.166666666666667,0.001242883489696095
6,3,36,6.0,0.0014433485686793362
6,4,29,4.833333333333333,0.0011626974581027984
6,5,28,4.666666666666667,0.0011226044423061504
6,6,23,3.8333333333333335,0.0009221393633229092
6,7,21,3.5,0.0008419533317296127
6,8,8,1.3333333333333333,0.00032074412637318576
6,9,19,3.1666666666666665,0.0007617673001363162
6,10,24,4.0,0.0009622323791195574
6,11,18,3.0,0.0007216742843396681
6,12,10,1.6666666666666667,0.00040093015796648226
6,13,19,3.1666666666666665,0.0007617673001363162
6,14,11,1.8333333333333333,0.0004410231737631304
6,15,10,1.6666666666666667,0.00040093015796648226
6,16,15,2.5,0.0006013952369497233
6,17,18,3.0,0.0007216742843396681
6,18,10,1.6666666666666667,0.00040093015796648226
6,19,16,2.6666666666666665,0.0006414882527463715
6,20,15,2.5,0.0006013952369497233
6,21,18,3.0,0.0007216742843396681
6,22,17,2.8333333333333335,0.0006815812685430199
6,23,15,2.5,0.0006013952369497233
7,0,16,2.6666666666666665,0.0006414882527463715
7,1,23,3.8333333333333335,0.0009221393633229092
7,2,12,2.0,0.0004811161895597787
7,3,22,3.6666666666666665,0.0008820463475262609
7,4,17,2.8333333333333335,0.0006815812685430199
7,5,25,4.166666666666667,0.0010023253949162057
7,6,12,2.0,0.0004811161895597787
7,7,20,3.3333333333333335,0.0008018603159329645
7,8,16,2.6666666666666665,0.0006414882527463715
7,9,13,2.1666666666666665,0.0005212092053564269
7,10,16,2.6666666666666665,0.0006414882527463715
7,11,11,1.8333333333333333,0.0004410231737631304
7,12,10,1.6666666666666667,0.00040093015796648226
7,13,10,1.6666666666666667,0.00040093015796648226
7,14,6,1.0,0.00024055809477988935
7,15,12,2.0,0.0004811161895597787
7,16,11,1.8333333333333333,0.0004410231737631304
7,17,13,2.1666666666666665,0.0005212092053564269
7,18,7,1.1666666666666667,0.0002806511105765376
7,19,4,0.6666666666666666,0.00016037206318659288
7,20,18,3.0,0.0007216742843396681
7,21,7,1.1666666666666667,0.0002806511105765376
7,22,9,1.5,0.00036083714216983404
7,23,17,2.8333333333333335,0.0006815812685430199
8,0,15,2.5,0.0006013952369497233
8,1,16,2.6666666666666665,0.0006414882527463715
8,2,14,2.3333333333333335,0.0005613022211530752
8,3,15,2.5,0.0006013952369497233
8,4,27,4.5,0.001082511426509502
8,5,16,2.6666666666666665,0.0006414882527463715
8,6,19,3.1666666666666665,0.0007617673001363162
8,7,12,2.0,0.0004811161895597787
8,8,15,2.5,0.0006013952369497233
8,9,9,1.5,0.00036083714216983404
8,10,10,1.6666666666666667,0.00040093015796648226
8,11,15,2.5,0.0006013952369497233
8,12,14,2.3333333333333335,0.0005613022211530752
8,13,6,1.0,0.00024055809477988935
8,14,9,1.5,0.00036083714216983404
8,15,11,1.8333333333333333,0.0004410231737631304
8,16,6,1.0,0.00024055809477988935
8,17,9,1.5,0.00036083714216983404
8,18,5,0.8333333333333334,0.00020046507898324113
8,19,7,1.1666666666666667,0.0002806511105765376
8,20,14,2.3333333333333335,0.0005613022211530752
8,21,8,1.3333333333333333,0.00032074412637318576
8,22,10,1.6666666666666667,0.00040093015796648226
8,23,8,1.3333333333333333,0.00032074412637318576
9,0,6,1.0,0.00024055809477988935
9,1,6,1.0,0.00024055809477988935
9,2,9,1.5,0.00036083714216983404
9,3,8,1.3333333333333333,0.00032074412637318576
9,4,18,3.0,0.0007216742843396681
9,5,15,2.5,0.0006013952369497233
9,6,20,3.3333333333333335,0.0008018603159329645
9,7,10,1.6666666666666667,0.00040093015796648226
9,8,17,2.8333333333333335,0.0006815812685430199
9,9,15,2.5,0.0006013952369497233
9,10,9,1.5,0.00036083714216983404
9,11,4,0.6666666666666666,0.00016037206318659288
9,12,14,2.3333333333333335,0.0005613022211530752
9,13,16,2.6666666666666665,0.0006414882527463715
9,14,8,1.3333333333333333,0.00032074412637318576
9,15,10,1.6666666666666667,0.00040093015796648226
9,16,1,0.16666666666666666,4.009301579664822e-05
9,17,10,1.6666666666666667,0.00040093015796648226
9,18,3,0.5,0.00012027904738994468
9,19,4,0.6666666666666666,0.00016037206318659288
9,20,5,0.8333333333333334,0.00020046507898324113
9,21,11,1.8333333333333333,0.0004410231737631304
9,22,3,0.5,0.00012027904738994468
9,23,5,0.8333333333333334,0.00020046507898324113
10,0,6,1.0,0.00024055809477988935
10,1,19,3.1666666666666665,0.0007617673001363162
10,2,6,1.0,0.00024055809477988935
10,3,10,1.6666666666666667,0.00040093015796648226
10,4,17,2.8333333333333335,0.0006815812685430199
10,5,13,2.1666666666666665,0.0005212092053564269
10,6,4,0.6666666666666666,0.00016037206318659288
10,7,13,2.1666666666666665,0.0005212092053564269
10,8,11,1.8333333333333333,0.0004410231737631304
10,9,3,0.5,0.00012027904738994468
10,10,3,0.5,0.00012027904738994468
10,11,2,0.3333333333333333,8.018603159329644e-05
10,12,11,1.8333333333333333,0.0004410231737631304
10,13,13,2.1666666666666665,0.0005212092053564269
10,14,5,0.8333333333333334,0.00020046507898324113
10,15,3,0.5,0.00012027904738994468
10,16,4,0.6666666666666666,0.00016037206318659288
10,17,5,0.8333333333333334,0.00020046507898324113
10,18,5,0.8333333333333334,0.00020046507898324113
10,19,5,0.8333333333333334,0.00020046507898324113
10,20,7,1.1666666666666667,0.0002806511105765376
10,21,5,0.8333333333333334,0.00020046507898324113
10,22,11,1.8333333333333333,0.0004410231737631304
10,23,6,1.0,0.00024055809477988935
11,0,10,1.6666666666666667,0.00040093015796648226
11,1,7,1.1666666666666667,0.0002806511105765376
11,2,8,1.3333333333333333,0.00032074412637318576
11,3,12,2.0,0.0004811161895597787
11,4,10,1.6666666666666667,0.00040093015796648226
11,5,13,2.1666666666666665,0.0005212092053564269
11,6,8,1.3333333333333333,0.00032074412637318576
11,7,8,1.3333333333333333,0.00032074412637318576
11,8,9,1.5,0.00036083714216983404
11,9,11,1.8333333333333333,0.0004410231737631304
11,10,2,0.3333333333333333,8.018603159329644e-05
11,11,9,1.5,0.00036083714216983404
11,12,6,1.0,0.00024055809477988935
11,13,4,0.6666666666666666,0.00016037206318659288
11,14,13,2.1666666666666665,0.0005212092053564269
11,15,4,0.6666666666666666,0.00016037206318659288
11,16,6,1.0,0.00024055809477988935
11,17,12,2.0,0.0004811161895597787
11,18,3,0.5,0.00012027904738994468
11,19,3,0.5,0.00012027904738994468
11,20,5,0.8333333333333334,0.00020046507898324113
11,21,2,0.3333333333333333,8.018603159329644e-05
11,22,5,0.8333333333333334,0.00020046507898324113
11,23,4,0.6666666666666666,0.00016037206318659288
12,0,3,0.5,0.00012027904738994468
12,1,7,1.1666666666666667,0.0002806511105765376
12,2,6,1.0,0.00024055809477988935
12,3,2,0.3333333333333333,8.018603159329644e-05
12,4,6,1.0,0.00024055809477988935
12,5,5,0.8333333333333334,0.00020046507898324113
12,6,6,1.0,0.00024055809477988935
12,7,7,1.1666666666666667,0.0002806511105765376
12,8,6,1.0,0.00024055809477988935
12,9,3,0.5,0.00012027904738994468
12,10,8,1.3333333333333333,0.00032074412637318576
12,11,2,0.3333333333333333,8.018603159329644e-05
12,12,6,1.0,0.00024055809477988935
12,13,1,0.16666666666666666,4.009301579664822e-05
12,14,5,0.8333333333333334,0.00020046507898324113
12,15,2,0.3333333333333333,8.018603159329644e-05
12,16,7,1.1666666666666667,0.0002806511105765376
12,17,5,0.8333333333333334,0.00020046507898324113
12,18,1,0.16666666666666666,4.009301579664822e-05
12,19,8,1.3333333333333333,0.00032074412637318576
12,20,2,0.3333333333333333,8.018603159329644e-05
12,21,3,0.5,0.00012027904738994468
12,23,2,0.3333333333333333,8.018603159329644e-05
13,0,5,0.8333333333333334,0.00020046507898324113
13,1,1,0.16666666666666666,4.009301579664822e-05
13,2,5,0.8333333333333334,0.00020046507898324113
13,3,8,1.3333333333333333,0.00032074412637318576
13,4,3,0.5,0.00012027904738994468
13,5,3,0.5,0.00012027904738994468
13,6,9,1.5,0.00036083714216983404
13,7,5,0.8333333333333334,0.00020046507898324113
13,8,3,0.5,0.00012027904738994468
13,9,1,0.16666666666666666,4.009301579664822e-05
13,10,1,0.16666666666666666,4.009301579664822e-05
13,11,3,0.5,0.00012027904738994468
13,12,6,1.0,0.00024055809477988935
13,13,8,1.3333333333333333,0.00032074412637318576
13,15,10,1.6666666666666667,0.00040093015796648226
13,16,4,0.6666666666666666,0.00016037206318659288
13,17,5,0.8333333333333334,0.00020046507898324113
13,19,2,0.3333333333333333,8.018603159329644e-05
13,20,6,1.0,0.00024055809477988935
13,21,7,1.1666666666666667,0.0002806511105765376
13,22,4,0.6666666666666666,0.00016037206318659288
13,23,2,0.3333333333333333,8.018603159329644e-05
14,1,1,0.16666666666666666,4.009301579664822e-05
14,2,5,0.8333333333333334,0.00020046507898324113
14,3,7,1.1666666666666667,0.0002806511105765376
14,4,4,0.6666666666666666,0.00016037206318659288
14,5,14,2.3333333333333335,0.0005613022211530752
14,6,5,0.8333333333333334,0.00020046507898324113
14,7,4,0.6666666666666666,0.00016037206318659288
14,8,5,0.8333333333333334,0.00020046507898324113
14,9,5,0.8333333333333334,0.00020046507898324113
14,10,11,1.8333333333333333,0.0004410231737631304
14,11,3,0.5,0.00012027904738994468
14,12,2,0.3333333333333333,8.018603159329644e-05
14,13,6,1.0,0.00024055809477988935
14,14,2,0.3333333333333333,8.018603159329644e-05
14,15,4,0.6666666666666666,0.00016037206318659288
14,16,2,0.3333333333333333,8.018603159329644e-05
14,17,4,0.6666666666666666,0.00016037206318659288
14,18,4,0.6666666666666666,0.00016037206318659288
14,19,5,0.8333333333333334,0.00020046507898324113
14,20,1,0.16666666666666666,4.009301579664822e-05
14,21,2,0.3333333333333333,8.018603159329644e-05
14,22,3,0.5,0.00012027904738994468
14,23,3,0.5,0.00012027904738994468
15,0,3,0.5,0.00012027904738994468
15,2,2,0.3333333333333333,8.018603159329644e-05
15,3,4,0.6666666666666666,0.00016037206318659288
15,4,1,0.16666666666666666,4.009301579664822e-05
15,5,6,1.0,0.00024055809477988935
15,6,4,0.6666666666666666,0.00016037206318659288
15,7,7,1.1666666666666667,0.0002806511105765376
15,8,9,1.5,0.00036083714216983404
15,9,5,0.8333333333333334,0.00020046507898324113
15,10,3,0.5,0.00012027904738994468
15,11,5,0.8333333333333334,0.00020046507898324113
15,12,5,0.8333333333333334,0.00020046507898324113
15,13,2,0.3333333333333333,8.018603159329644e-05
15,14,4,0.6666666666666666,0.00016037206318659288
15,15,3,0.5,0.00012027904738994468
15,16,2,0.3333333333333333,8.018603159329644e-05
15,17,1,0.16666666666666666,4.009301579664822e-05
15,19,2,0.3333333333333333,8.018603159329644e-05
15,20,3,0.5,0.00012027904738994468
15,21,4,0.6666666666666666,0.00016037206318659288
15,22,3,0.5,0.00012027904738994468
15,23,2,0.3333333333333333,8.018603159329644e-05
16,0,4,0.6666666666666666,0.00016037206318659288
16,1,3,0.5,0.00012027904738994468
16,2,3,0.5,0.00012027904738994468
16,3,1,0.16666666666666666,4.009301579664822e-05
16,4,1,0.16666666666666666,4.009301579664822e-05
16,6,5,0.8333333333333334,0.00020046507898324113
16,7,3,0.5,0.00012027904738994468
16,8,9,1.5,0.00036083714216983404
16,9,3,0.5,0.00012027904738994468
16,10,2,0.3333333333333333,8.018603159329644e-05
16,11,2,0.3333333333333333,8.018603159329644e-05
16,12,4,0.6666666666666666,0.00016037206318659288
16,13,6,1.0,0.00024055809477988935
16,14,2,0.3333333333333333,8.018603159329644e-05
16,15,2,0.3333333333333333,8.018603159329644e-05
16,16,5,0.8333333333333334,0.00020046507898324113
16,17,4,0.6666666666666666,0.00016037206318659288
16,18,6,1.0,0.00024055809477988935
16,19,3,0.5,0.00012027904738994468
16,20,5,0.8333333333333334,0.00020046507898324113
16,21,2,0.3333333333333333,8.018603159329644e-05
16,22,2,0.3333333333333333,8.018603159329644e-05
16,23,3,0.5,0.00012027904738994468
17,1,4,0.6666666666666666,0.00016037206318659288
17,2,1,0.16666666666666666,4.009301579664822e-05
17,3,1,0.16666666666666666,4.009301579664822e-05
17,4,2,0.3333333333333333,8.018603159329644e-05
17,5,5,0.8333333333333334,0.00020046507898324113
17,6,4,0.6666666666666666,0.00016037206318659288
17,7,5,0.8333333333333334,0.00020046507898324113
17,8,6,1.0,0.00024055809477988935
17,9,7,1.1666666666666667,0.0002806511105765376
17,10,1,0.16666666666666666,4.009301579664822e-05
17,11,1,0.16666666666666666,4.009301579664822e-05
17,12,1,0.16666666666666666,4.009301579664822e-05
17,13,2,0.3333333333333333,8.018603159329644e-05
17,14,4,0.6666666666666666,0.00016037206318659288
17,15,1,0.16666666666666666,4.009301579664822e-05
17,16,3,0.5,0.00012027904738994468
17,17,3,0.5,0.00012027904738994468
17,18,2,0.3333333333333333,8.018603159329644e-05
17,19,2,0.3333333333333333,8.018603159329644e-05
17,20,2,0.3333333333333333,8.018603159329644e-05
17,21,2,0.3333333333333333,8.018603159329644e-05
17,22,3,0.5,0.00012027904738994468
17,23,1,0.16666666666666666,4.009301579664822e-05
18,0,2,0.3333333333333333,8.018603159329644e-05
18,1,2,0.3333333333333333,8.018603159329644e-05
18,2,2,0.3333333333333333,8.018603159329644e-05
18,3,2,0.3333333333333333,8.018603159329644e-05
18,4,2,0.3333333333333333,8.018603159329644e-05
18,5,3,0.5,0.00012027904738994468
18,6,2,0.3333333333333333,8.018603159329644e-05
18,7,2,0.3333333333333333,8.018603159329644e-05
18,8,3,0.5,0.00012027904738994468
18,9,2,0.3333333333333333,8.018603159329644e-05
18,10,1,0.16666666666666666,4.009301579664822e-05
18,11,3,0.5,0.00012027904738994468
18,12,5,0.8333333333333334,0.00020046507898324113
18,13,4,0.6666666666666666,0.00016037206318659288
18,15,3,0.5,0.00012027904738994468
18,16,2,0.3333333333333333,8.018603159329644e-05
18,17,3,0.5,0.00012027904738994468
18,18,1,0.16666666666666666,4.009301579664822e-05
18,19,2,0.3333333333333333,8.018603159329644e-05
18,20,3,0.5,0.00012027904738994468
18,22,1,0.16666666666666666,4.009301579664822e-05
18,23,3,0.5,0.00012027904738994468
19,0,5,0.8333333333333334,0.00020046507898324113
19,1,6,1.0,0.00024055809477988935
19,2,3,0.5,0.00012027904738994468
19,4,6,1.0,0.00024055809477988935
19,5,3,0.5,0.00012027904738994468
19,6,5,0.8333333333333334,0.00020046507898324113
19,7,2,0.3333333333333333,8.018603159329644e-05
19,8,4,0.6666666666666666,0.00016037206318659288
19,9,2,0.3333333333333333,8.018603159329644e-05
19,10,1,0.16666666666666666,4.009301579664822e-05
19,11,2,0.3333333333333333,8.018603159329644e-05
19,12,2,0.3333333333333333,8.018603159329644e-05
19,13,1,0.16666666666666666,4.009301579664822e-05
19,14,3,0.5,0.00012027904738994468
19,15,1,0.16666666666666666,4.009301579664822e-05
19,16,2,0.3333333333333333,8.018603159329644e-05
19,17,1,0.16666666666666666,4.009301579664822e-05
19,18,1,0.16666666666666666,4.009301579664822e-05
19,19,1,0.16666666666666666,4.009301579664822e-05
19,20,1,0.16666666666666666,4.009301579664822e-05
19,21,2,0.3333333333333333,8.018603159329644e-05
19,23,1,0.16666666666666666,4.009301579664822e-05
20,0,3,0.5,0.00012027904738994468
20,1,3,0.5,0.00012027904738994468
20,2,2,0.3333333333333333,8.018603159329644e-05
20,3,3,0.5,0.00012027904738994468
20,4,4,0.6666666666666666,0.00016037206318659288
20,5,2,0.3333333333333333,8.018603159329644e-05
20,6,9,1.5,0.00036083714216983404
20,7,6,1.0,0.00024055809477988935
20,9,4,0.6666666666666666,0.00016037206318659288
20,10,8,1.3333333333333333,0.00032074412637318576
20,11,1,0.16666666666666666,4.009301579664822e-05
20,12,2,0.3333333333333333,8.018603159329644e-05
20,13,4,0.6666666666666666,0.00016037206318659288
20,14,3,0.5,0.00012027904738994468
20,15,3,0.5,0.00012027904738994468
20,16,7,1.1666666666666667,0.0002806511105765376
20,17,8,1.3333333333333333,0.00032074412637318576
20,19,3,0.5,0.00012027904738994468
20,20,4,0.6666666666666666,0.00016037206318659288
20,22,2,0.3333333333333333,8.018603159329644e-05
20,23,1,0.16666666666666666,4.009301579664822e-05
21,0,2,0.3333333333333333,8.018603159329644e-05
21,1,2,0.3333333333333333,8.018603159329644e-05
21,2,3,0.5,0.00012027904738994468
21,3,3,0.5,0.00012027904738994468
21,5,2,0.3333333333333333,8.018603159329644e-05
21,6,3,0.5,0.00012027904738994468
21,7,4,0.6666666666666666,0.00016037206318659288
21,8,1,0.16666666666666666,4.009301579664822e-05
21,9,4,0.6666666666666666,0.00016037206318659288
21,10,2,0.3333333333333333,8.018603159329644e-05
21,11,2,0.3333333333333333,8.018603159329644e-05
21,12,1,0.16666666666666666,4.009301579664822e-05
21,13,4,0.6666666666666666,0.00016037206318659288
21,14,1,0.16666666666666666,4.009301579664822e-05
21,15,1,0.16666666666666666,4.009301579664822e-05
21,16,4,0.6666666666666666,0.00016037206318659288
21,18,4,0.6666666666666666,0.00016037206318659288
21,19,4,0.6666666666666666,0.00016037206318659288
21,20,1,0.16666666666666666,4.009301579664822e-05
21,21,1,0.16666666666666666,4.009301579664822e-05
21,22,1,0.16666666666666666,4.009301579664822e-05
21,23,2,0.3333333333333333,8.018603159329644e-05
22,1,2,0.3333333333333333,8.018603159329644e-05
22,2,1,0.16666666666666666,4.009301579664822e-05
22,3,2,0.3333333333333333,8.018603159329644e-05
22,5,5,0.8333333333333334,0.00020046507898324113
22,6,2,0.3333333333333333,8.018603159329644e-05
22,7,1,0.16666666666666666,4.009301579664822e-05
22,8,3,0.5,0.00012027904738994468
22,9,1,0.16666666666666666,4.009301579664822e-05
22,10,4,0.6666666666666666,0.00016037206318659288
22,11,6,1.0,0.00024055809477988935
22,12,5,0.8333333333333334,0.00020046507898324113
22,13,2,0.3333333333333333,8.018603159329644e-05
22,14,4,0.6666666666666666,0.00016037206318659288
22,15,1,0.16666666666666666,4.009301579664822e-05
22,16,3,0.5,0.00012027904738994468
22,18,4,0.6666666666666666,0.00016037206318659288
22,19,2,0.3333333333333333,8.018603159329644e-05
22,20,1,0.16666666666666666,4.009301579664822e-05
22,21,2,0.3333333333333333,8.018603159329644e-05
22,22,2,0.3333333333333333,8.018603159329644e-05
22,23,2,0.3333333333333333,8.018603159329644e-05
23,0,2,0.3333333333333333,8.018603159329644e-05
23,1,1,0.16666666666666666,4.009301579664822e-05
23,3,1,0.16666666666666666,4.009301579664822e-05
23,4,2,0.3333333333333333,8.018603159329644e-05
23,5,2,0.3333333333333333,8.018603159329644e-05
23,6,3,0.5,0.00012027904738994468
23,7,1,0.16666666666666666,4.009301579664822e-05
23,8,1,0.16666666666666666,4.009301579664822e-05
23,9,2,0.3333333333333333,8.018603159329644e-05
23,12,3,0.5,0.00012027904738994468
23,13,1,0.16666666666666666,4.009301579664822e-05
23,15,3,0.5,0.00012027904738994468
23,16,1,0.16666666666666666,4.009301579664822e-05
23,20,3,0.5,0.00012027904738994468
23,21,1,0.16666666666666666,4.009301579664822e-05
23,22,3,0.5,0.00012027904738994468
23,23,4,0.6666666666666666,0.00016037206318659288
24,0,1,0.16666666666666666,4.009301579664822e-05
24,1,2,0.3333333333333333,8.018603159329644e-05
24,2,2,0.3333333333333333,8.018603159329644e-05
24,3,1,0.16666666666666666,4.009301579664822e-05
24,5,1,0.16666666666666666,4.009301579664822e-05
24,7,3,0.5,0.00012027904738994468
24,8,1,0.16666666666666666,4.009301579664822e-05
24,9,3,0.5,0.00012027904738994468
24,10,5,0.8333333333333334,0.00020046507898324113
24,11,3,0.5,0.00012027904738994468
24,13,5,0.8333333333333334,0.00020046507898324113
24,17,1,0.16666666666666666,4.009301579664822e-05
24,19,1,0.16666666666666666,4.009301579664822e-05
24,20,1,0.16666666666666666,4.009301579664822e-05
24,21,2,0.3333333333333333,8.018603159329644e-05
24,22,1,0.16666666666666666,4.009301579664822e-05
25,0,1,0.16666666666666666,4.009301579664822e-05
25,2,4,0.6666666666666666,0.00016037206318659288
25,3,2,0.3333333333333333,8.018603159329644e-05
25,7,2,0.3333333333333333,8.018603159329644e-05
25,8,2,0.3333333333333333,8.018603159329644e-05
25,9,2,0.3333333333333333,8.018603159329644e-05
25,10,2,0.3333333333333333,8.018603159329644e-05
25,11,2,0.3333333333333333,8.018603159329644e-05
25,14,2,0.3333333333333333,8.018603159329644e-05
25,16,2,0.3333333333333333,8.018603159329644e-05
25,17,5,0.8333333333333334,0.00020046507898324113
25,18,2,0.3333333333333333,8.018603159329644e-05
25,19,1,0.16666666666666666,4.009301579664822e-05
25,20,4,0.6666666666666666,0.00016037206318659288
25,21,1,0.16666666666666666,4.009301579664822e-05
25,22,1,0.16666666666666666,4.009301579664822e-05
25,23,1,0.16666666666666666,4.009301579664822e-05
26,1,1,0.16666666666666666,4.009301579664822e-05
26,2,1,0.16666666666666666,4.009301579664822e-05
26,3,4,0.6666666666666666,0.00016037206318659288
26,4,2,0.3333333333333333,8.018603159329644e-05
26,5,5,0.8333333333333334,0.00020046507898324113
26,6,2,0.3333333333333333,8.018603159329644e-05
26,7,2,0.3333333333333333,8.018603159329644e-05
26,8,2,0.3333333333333333,8.018603159329644e-05
26,12,2,0.3333333333333333,8.018603159329644e-05
26,13,1,0.16666666666666666,4.009301579664822e-05
26,16,1,0.16666666666666666,4.009301579664822e-05
26,19,2,0.3333333333333333,8.018603159329644e-05
26,20,1,0.16666666666666666,4.009301579664822e-05
26,22,1,0.16666666666666666,4.009301579664822e-05
26,23,1,0.16666666666666666,4.009301579664822e-05
27,1,1,0.16666666666666666,4.009301579664822e-05
27,2,3,0.5,0.00012027904738994468
27,4,2,0.3333333333333333,8.018603159329644e-05
27,5,1,0.16666666666666666,4.009301579664822e-05
27,6,2,0.3333333333333333,8.018603159329644e-05
27,7,2,0.3333333333333333,8.018603159329644e-05
27,9,3,0.5,0.00012027904738994468
27,10,2,0.3333333333333333,8.018603159329644e-05
27,11,1,0.16666666666666666,4.009301579664822e-05
27,14,2,0.3333333333333333,8.018603159329644e-05
27,16,2,0.3333333333333333,8.018603159329644e-05
27,18,2,0.3333333333333333,8.018603159329644e-05
27,19,1,0.16666666666666666,4.009301579664822e-05
27,20,2,0.3333333333333333,8.018603159329644e-05
27,21,1,0.16666666666666666,4.009301579664822e-05
27,22,1,0.16666666666666666,4.009301579664822e-05
27,23,1,0.16666666666666666,4.009301579664822e-05
28,0,2,0.3333333333333333,8.018603159329644e-05
28,1,2,0.3333333333333333,8.018603159329644e-05
28,2,2,0.3333333333333333,8.018603159329644e-05
28,3,4,0.6666666666666666,0.00016037206318659288
28,4,3,0.5,0.00012027904738994468
28,5,1,0.16666666666666666,4.009301579664822e-05
28,6,2,0.3333333333333333,8.018603159329644e-05
28,7,3,0.5,0.00012027904738994468
28,8,3,0.5,0.00012027904738994468
28,9,2,0.3333333333333333,8.018603159329644e-05
28,10,2,0.3333333333333333,8.018603159329644e-05
28,11,1,0.16666666666666666,4.009301579664822e-05
28,14,2,0.3333333333333333,8.018603159329644e-05
28,15,4,0.6666666666666666,0.00016037206318659288
28,16,2,0.3333333333333333,8.018603159329644e-05
28,21,1,0.16666666666666666,4.009301579664822e-05
28,22,1,0.16666666666666666,4.009301579664822e-05
29,1,1,0.16666666666666666,4.009301579664822e-05
29,4,1,0.16666666666666666,4.009301579664822e-05
29,5,2,0.3333333333333333,8.018603159329644e-05
29,7,1,0.16666666666666666,4.009301579664822e-05
29,8,3,0.5,0.00012027904738994468
29,9,5,0.8333333333333334,0.00020046507898324113
29,13,1,0.16666666666666666,4.009301579664822e-05
29,14,2,0.3333333333333333,8.018603159329644e-05
29,17,2,0.3333333333333333,8.018603159329644e-05
29,18,2,0.3333333333333333,8.018603159329644e-05
29,20,1,0.16666666666666666,4.009301579664822e-05
29,23,1,0.16666666666666666,4.009301579664822e-05
30,0,2,0.3333333333333333,8.018603159329644e-05
30,1,3,0.5,0.00012027904738994468
30,2,2,0.3333333333333333,8.018603159329644e-05
30,3,1,0.16666666666666666,4.009301579664822e-05
30,8,1,0.16666666666666666,4.009301579664822e-05
30,9,1,0.16666666666666666,4.009301579664822e-05
30,11,6,1.0,0.00024055809477988935
30,13,1,0.16666666666666666,4.009301579664822e-05
30,14,1,0.16666666666666666,4.009301579664822e-05
30,15,3,0.5,0.00012027904738994468
30,17,1,0.16666666666666666,4.009301579664822e-05
30,20,2,0.3333333333333333,8.018603159329644e-05
30,22,2,0.3333333333333333,8.018603159329644e-05
30,23,1,0.16666666666666666,4.009301579664822e-05
31,3,1,0.16666666666666666,4.009301579664822e-05
31,6,2,0.3333333333333333,8.018603159329644e-05
31,8,1,0.16666666666666666,4.009301579664822e-05
31,10,1,0.16666666666666666,4.009301579664822e-05
31,12,1,0.16666666666666666,4.009301579664822e-05
31,14,2,0.3333333333333333,8.018603159329644e-05
31,15,1,0.16666666666666666,4.009301579664822e-05
31,16,1,0.16666666666666666,4.009301579664822e-05
31,18,2,0.3333333333333333,8.018603159329644e-05
31,21,1,0.16666666666666666,4.009301579664822e-05
32,2,2,0.3333333333333333,8.018603159329644e-05
32,5,2,0.3333333333333333,8.018603159329644e-05
32,6,2,0.3333333333333333,8.018603159329644e-05
32,7,1,0.16666666666666666,4.009301579664822e-05
32,9,4,0.6666666666666666,0.00016037206318659288
32,13,2,0.3333333333333333,8.018603159329644e-05
32,16,1,0.16666666666666666,4.009301579664822e-05
32,20,3,0.5,0.00012027904738994468
32,21,1,0.16666666666666666,4.009301579664822e-05
32,22,1,0.16666666666666666,4.009301579664822e-05
32,23,2,0.3333333333333333,8.018603159329644e-05
33,1,2,0.3333333333333333,8.018603159329644e-05
33,2,2,0.3333333333333333,8.018603159329644e-05
33,4,1,0.16666666666666666,4.009301579664822e-05
33,5,1,0.16666666666666666,4.009301579664822e-05
33,6,3,0.5,0.00012027904738994468
33,7,2,0.3333333333333333,8.018603159329644e-05
33,9,1,0.16666666666666666,4.009301579664822e-05
33,15,2,0.3333333333333333,8.018603159329644e-05
34,0,1,0.16666666666666666,4.009301579664822e-05
34,1,1,0.16666666666666666,4.009301579664822e-05
34,2,1,0.16666666666666666,4.009301579664822e-05
34,3,1,0.16666666666666666,4.009301579664822e-05
34,5,2,0.3333333333333333,8.018603159329644e-05
34,6,1,0.16666666666666666,4.009301579664822e-05
34,7,2,0.3333333333333333,8.018603159329644e-05
34,8,1,0.16666666666666666,4.009301579664822e-05
34,10,2,0.3333333333333333,8.018603159329644e-05
34,18,1,0.16666666666666666,4.009301579664822e-05
34,19,1,0.16666666666666666,4.009301579664822e-05
34,22,1,0.16666666666666666,4.009301579664822e-05
35,1,1,0.16666666666666666,4.009301579664822e-05
35,2,1,0.16666666666666666,4.009301579664822e-05
35,4,1,0.16666666666666666,4.009301579664822e-05
35,7,1,0.16666666666666666,4.009301579664822e-05
35,8,1,0.16666666666666666,4.009301579664822e-05
35,9,2,0.3333333333333333,8.018603159329644e-05
35,11,1,0.16666666666666666,4.009301579664822e-05
35,13,2,0.3333333333333333,8.018603159329644e-05
35,16,2,0.3333333333333333,8.018603159329644e-05
35,17,1,0.16666666666666666,4.009301579664822e-05
35,18,1,0.16666666666666666,4.009301579664822e-05
35,19,1,0.16666666666666666,4.009301579664822e-05
35,20,1,0.16666666666666666,4.009301579664822e-05
35,21,1,0.16666666666666666,4.009301579664822e-05
36,0,1,0.16666666666666666,4.009301579664822e-05
36,1,2,0.3333333333333333,8.018603159329644e-05
36,2,1,0.16666666666666666,4.009301579664822e-05
36,3,2,0.3333333333333333,8.018603159329644e-05
36,4,1,0.16666666666666666,4.009301579664822e-05
36,7,2,0.3333333333333333,8.018603159329644e-05
36,10,1,0.16666666666666666,4.009301579664822e-05
36,11,1,0.16666666666666666,4.009301579664822e-05
36,20,2,0.3333333333333333,8.018603159329644e-05
36,21,3,0.5,0.00012027904738994468
36,22,1,0.16666666666666666,4.009301579664822e-05
37,1,1,0.16666666666666666,4.009301579664822e-05
37,2,1,0.16666666666666666,4.009301579664822e-05
37,3,1,0.16666666666666666,4.009301579664822e-05
37,4,1,0.16666666666666666,4.009301579664822e-05
37,5,1,0.16666666666666666,4.009301579664822e-05
37,8,2,0.3333333333333333,8.018603159329644e-05
37,10,2,0.3333333333333333,8.018603159329644e-05
37,15,1,0.16666666666666666,4.009301579664822e-05
37,18,2,0.3333333333333333,8.018603159329644e-05
37,19,1,0.16666666666666666,4.009301579664822e-05
37,22,2,0.3333333333333333,8.018603159329644e-05
37,23,2,0.3333333333333333,8.018603159329644e-05
38,0,1,0.16666666666666666,4.009301579664822e-05
38,2,1,0.16666666666666666,4.009301579664822e-05
38,4,1,0.16666666666666666,4.009301579664822e-05
38,5,2,0.3333333333333333,8.018603159329644e-05
38,8,1,0.16666666666666666,4.009301579664822e-05
38,10,6,1.0,0.00024055809477988935
38,13,2,0.3333333333333333,8.018603159329644e-05
38,14,1,0.16666666666666666,4.009301579664822e-05
38,16,3,0.5,0.00012027904738994468
38,23,1,0.16666666666666666,4.009301579664822e-05
39,1,3,0.5,0.00012027904738994468
39,3,1,0.16666666666666666,4.009301579664822e-05
39,7,1,0.16666666666666666,4.009301579664822e-05
39,8,1,0.16666666666666666,4.009301579664822e-05
39,9,1,0.16666666666666666,4.009301579664822e-05
39,10,1,0.16666666666666666,4.009301579664822e-05
39,12,3,0.5,0.00012027904738994468
39,14,2,0.3333333333333333,8.018603159329644e-05
39,19,2,0.3333333333333333,8.018603159329644e-05
39,20,1,0.16666666666666666,4.009301579664822e-05
39,23,1,0.16666666666666666,4.009301579664822e-05
40,1,1,0.16666666666666666,4.009301579664822e-05
40,2,1,0.16666666666666666,4.009301579664822e-05
40,4,1,0.16666666666666666,4.009301579664822e-05
40,5,1,0.16666666666666666,4.009301579664822e-05
40,6,2,0.3333333333333333,8.018603159329644e-05
40,10,2,0.3333333333333333,8.018603159329644e-05
40,14,2,0.3333333333333333,8.018603159329644e-05
40,15,2,0.3333333333333333,8.018603159329644e-05
40,21,2,0.3333333333333333,8.018603159329644e-05
41,4,1,0.16666666666666666,4.009301579664822e-05
41,5,2,0.3333333333333333,8.018603159329644e-05
41,7,1,0.16666666666666666,4.009301579664822e-05
41,8,1,0.16666666666666666,4.009301579664822e-05
41,10,1,0.16666666666666666,4.009301579664822e-05
41,11,1,0.16666666666666666,4.009301579664822e-05
41,14,1,0.16666666666666666,4.009301579664822e-05
41,15,1,0.16666666666666666,4.009301579664822e-05
41,20,1,0.16666666666666666,4.009301579664822e-05
41,22,1,0.16666666666666666,4.009301579664822e-05
42,5,1,0.16666666666666666,4.009301579664822e-05
42,6,1,0.16666666666666666,4.009301579664822e-05
42,7,1,0.16666666666666666,4.009301579664822e-05
42,8,1,0.16666666666666666,4.009301579664822e-05
42,9,1,0.16666666666666666,4.009301579664822e-05
42,10,8,1.3333333333333333,0.00032074412637318576
42,13,1,0.16666666666666666,4.009301579664822e-05
42,14,2,0.3333333333333333,8.018603159329644e-05
42,15,1,0.16666666666666666,4.009301579664822e-05
42,17,1,0.16666666666666666,4.009301579664822e-05
42,18,1,0.16666666666666666,4.009301579664822e-05
42,19,1,0.16666666666666666,4.009301579664822e-05
42,20,1,0.16666666666666666,4.009301579664822e-05
43,3,1,0.16666666666666666,4.009301579664822e-05
43,6,2,0.3333333333333333,8.018603159329644e-05
43,8,1,0.16666666666666666,4.009301579664822e-05
43,14,3,0.5,0.00012027904738994468
43,16,2,0.3333333333333333,8.018603159329644e-05
43,22,2,0.3333333333333333,8.018603159329644e-05
43,23,1,0.16666666666666666,4.009301579664822e-05
44,0,2,0.3333333333333333,8.018603159329644e-05
44,4,1,0.16666666666666666,4.009301579664822e-05
44,6,2,0.3333333333333333,8.018603159329644e-05
44,7,1,0.16666666666666666,4.009301579664822e-05
44,9,1,0.16666666666666666,4.009301579664822e-05
44,11,1,0.16666666666666666,4.009301579664822e-05
44,12,2,0.3333333333333333,8.018603159329644e-05
44,13,1,0.16666666666666666,4.009301579664822e-05
44,16,1,0.16666666666666666,4.009301579664822e-05
44,19,1,0.16666666666666666,4.009301579664822e-05
44,21,2,0.3333333333333333,8.018603159329644e-05
44,22,2,0.3333333333333333,8.018603159329644e-05
45,0,1,0.16666666666666666,4.009301579664822e-05
45,3,1,0.16666666666666666,4.009301579664822e-05
45,4,1,0.16666666666666666,4.009301579664822e-05
45,8,2,0.3333333333333333,8.018603159329644e-05
45,10,5,0.8333333333333334,0.00020046507898324113
45,11,1,0.16666666666666666,4.009301579664822e-05
45,15,1,0.16666666666666666,4.009301579664822e-05
45,21,1,0.16666666666666666,4.009301579664822e-05
46,1,1,0.16666666666666666,4.009301579664822e-05
46,3,2,0.3333333333333333,8.018603159329644e-05
46,6,3,0.5,0.00012027904738994468
46,8,2,0.3333333333333333,8.018603159329644e-05
46,9,1,0.16666666666666666,4.009301579664822e-05
46,11,1,0.16666666666666666,4.009301579664822e-05
46,12,1,0.16666666666666666,4.009301579664822e-05
46,15,1,0.16666666666666666,4.009301579664822e-05
46,22,1,0.16666666666666666,4.009301579664822e-05
47,0,1,0.16666666666666666,4.009301579664822e-05
47,1,1,0.16666666666666666,4.009301579664822e-05
47,2,1,0.16666666666666666,4.009301579664822e-05
47,6,3,0.5,0.00012027904738994468
47,8,1,0.16666666666666666,4.009301579664822e-05
47,11,1,0.16666666666666666,4.009301579664822e-05
47,18,1,0.16666666666666666,4.009301579664822e-05
47,19,1,0.16666666666666666,4.009301579664822e-05
47,20,1,0.16666666666666666,4.009301579664822e-05
47,21,2,0.3333333333333333,8.018603159329644e-05
47,23,1,0.16666666666666666,4.009301579664822e-05
48,0,1,0.16666666666666666,4.009301579664822e-05
48,3,2,0.3333333333333333,8.018603159329644e-05
48,4,2,0.3333333333333333,8.018603159329644e-05
48,7,1,0.16666666666666666,4.009301579664822e-05
48,8,2,0.3333333333333333,8.018603159329644e-05
48,11,1,0.16666666666666666,4.009301579664822e-05
48,14,1,0.16666666666666666,4.009301579664822e-05
48,15,1,0.16666666666666666,4.009301579664822e-05
48,19,2,0.3333333333333333,8.018603159329644e-05
48,20,1,0.16666666666666666,4.009301579664822e-05
48,22,1,0.16666666666666666,4.009301579664822e-05
49,0,1,0.16666666666666666,4.009301579664822e-05
49,5,2,0.3333333333333333,8.018603159329644e-05
49,8,1,0.16666666666666666,4.009301579664822e-05
49,10,2,0.3333333333333333,8.018603159329644e-05
49,13,1,0.16666666666666666,4.009301579664822e-05
49,16,1,0.16666666666666666,4.009301579664822e-05
49,17,2,0.3333333333333333,8.018603159329644e-05
49,23,3,0.5,0.00012027904738994468
50,5,1,0.16666666666666666,4.009301579664822e-05
50,7,4,0.6666666666666666,0.00016037206318659288
50,8,1,0.16666666666666666,4.009301579664822e-05
50,9,1,0.16666666666666666,4.009301579664822e-05
50,10,2,0.3333333333333333,8.018603159329644e-05
50,14,1,0.16666666666666666,4.009301579664822e-05
50,15,2,0.3333333333333333,8.018603159329644e-05
51,3,1,0.16666666666666666,4.009301579664822e-05
51,4,1,0.16666666666666666,4.009301579664822e-05
51,7,1,0.16666666666666666,4.009301579664822e-05
51,8,2,0.3333333333333333,8.018603159329644e-05
51,15,1,0.16666666666666666,4.009301579664822e-05
51,17,1,0.16666666666666666,4.009301579664822e-05
51,20,1,0.16666666666666666,4.009301579664822e-05
51,22,5,0.8333333333333334,0.00020046507898324113
52,3,1,0.16666666666666666,4.009301579664822e-05
52,7,1,0.16666666666666666,4.009301579664822e-05
52,8,2,0.3333333333333333,8.018603159329644e-05
52,11,1,0.16666666666666666,4.009301579664822e-05
52,15,2,0.3333333333333333,8.018603159329644e-05
52,16,1,0.16666666666666666,4.009301579664822e-05
52,18,3,0.5,0.00012027904738994468
52,20,1,0.16666666666666666,4.009301579664822e-05
52,22,1,0.16666666666666666,4.009301579664822e-05
52,23,1,0.16666666666666666,4.009301579664822e-05
53,0,1,0.16666666666666666,4.009301579664822e-05
53,1,1,0.16666666666666666,4.009301579664822e-05
53,5,1,0.16666666666666666,4.009301579664822e-05
53,12,1,0.16666666666666666,4.009301579664822e-05
53,14,1,0.16666666666666666,4.009301579664822e-05
53,17,1,0.16666666666666666,4.009301579664822e-05
53,21,1,0.16666666666666666,4.009301579664822e-05
53,23,1,0.16666666666666666,4.009301579664822e-05
54,3,2,0.3333333333333333,8.018603159329644e-05
54,5,1,0.16666666666666666,4.009301579664822e-05
54,8,2,0.3333333333333333,8.018603159329644e-05
54,10,1,0.16666666666666666,4.009301579664822e-05
54,18,1,0.16666666666666666,4.009301579664822e-05
54,21,1,0.16666666666666666,4.009301579664822e-05
54,22,1,0.16666666666666666,4.009301579664822e-05
55,0,1,0.16666666666666666,4.009301579664822e-05
55,3,1,0.16666666666666666,4.009301579664822e-05
55,10,1,0.16666666666666666,4.009301579664822e-05
55,13,1,0.16666666666666666,4.009301579664822e-05
55,16,1,0.16666666666666666,4.009301579664822e-05
55,17,1,0.16666666666666666,4.009301579664822e-05
55,21,1,0.16666666666666666,4.009301579664822e-05
55,23,1,0.16666666666666666,4.009301579664822e-05
56,3,1,0.16666666666666666,4.009301579664822e-05
56,5,1,0.16666666666666666,4.009301579664822e-05
56,7,1,0.16666666666666666,4.009301579664822e-05
56,8,1,0.16666666666666666,4.009301579664822e-05
56,10,1,0.16666666666666666,4.009301579664822e-05
56,11,1,0.16666666666666666,4.009301579664822e-05
56,13,1,0.16666666666666666,4.009301579664822e-05
56,14,1,0.16666666666666666,4.009301579664822e-05
56,15,1,0.16666666666666666,4.009301579664822e-05
56,19,3,0.5,0.00012027904738994468
56,23,1,0.16666666666666666,4.009301579664822e-05
57,0,1,0.16666666666666666,4.009301579664822e-05
57,2,2,0.3333333333333333,8.018603159329644e-05
57,4,1,0.16666666666666666,4.009301579664822e-05
57,7,2,0.3333333333333333,8.018603159329644e-05
57,8,1,0.16666666666666666,4.009301579664822e-05
57,9,1,0.16666666666666666,4.009301579664822e-05
57,11,1,0.16666666666666666,4.009301579664822e-05
57,14,1,0.16666666666666666,4.009301579664822e-05
57,15,1,0.16666666666666666,4.009301579664822e-05
57,16,1,0.16666666666666666,4.009301579664822e-05
57,17,2,0.3333333333333333,8.018603159329644e-05
57,21,1,0.16666666666666666,4.009301579664822e-05
57,23,2,0.3333333333333333,8.018603159329644e-05
58,0,2,0.3333333333333333,8.018603159329644e-05
58,1,1,0.16666666666666666,4.009301579664822e-05
58,2,2,0.3333333333333333,8.018603159329644e-05
58,6,1,0.16666666666666666,4.009301579664822e-05
58,7,1,0.16666666666666666,4.009301579664822e-05
58,13,2,0.3333333333333333,8.018603159329644e-05
58,19,1,0.16666666666666666,4.009301579664822e-05
58,20,1,0.16666666666666666,4.009301579664822e-05
58,21,1,0.16666666666666666,4.009301579664822e-05
58,23,1,0.16666666666666666,4.009301579664822e-05
59,5,3,0.5,0.00012027904738994468
59,6,1,0.16666666666666666,4.009301579664822e-05
59,8,1,0.16666666666666666,4.009301579664822e-05
59,9,1,0.16666666666666666,4.009301579664822e-05
59,12,2,0.3333333333333333,8.018603159329644e-05
59,16,1,0.16666666666666666,4.009301579664822e-05
59,17,3,0.5,0.00012027904738994468
59,19,1,0.16666666666666666,4.009301579664822e-05
59,23,1,0.16666666666666666,4.009301579664822e-05
60,0,1,0.16666666666666666,4.009301579664822e-05
60,2,1,0.16666666666666666,4.009301579664822e-05
60,5,1,0.16666666666666666,4.009301579664822e-05
60,8,3,0.5,0.00012027904738994468
60,14,2,0.3333333333333333,8.018603159329644e-05
60,17,1,0.16666666666666666,4.009301579664822e-05
60,21,2,0.3333333333333333,8.018603159329644e-05
61,6,2,0.3333333333333333,8.018603159329644e-05
61,7,2,0.3333333333333333,8.018603159329644e-05
61,8,1,0.16666666666666666,4.009301579664822e-05
61,12,1,0.16666666666666666,4.009301579664822e-05
61,13,1,0.16666666666666666,4.009301579664822e-05
61,14,2,0.3333333333333333,8.018603159329644e-05
61,16,1,0.16666666666666666,4.009301579664822e-05
61,18,1,0.16666666666666666,4.009301579664822e-05
62,1,1,0.16666666666666666,4.009301579664822e-05
62,2,5,0.8333333333333334,0.00020046507898324113
62,3,1,0.16666666666666666,4.009301579664822e-05
62,5,1,0.16666666666666666,4.009301579664822e-05
62,6,1,0.16666666666666666,4.009301579664822e-05
62,7,2,0.3333333333333333,8.018603159329644e-05
62,13,3,0.5,0.00012027904738994468
62,14,2,0.3333333333333333,8.018603159329644e-05
62,17,1,0.16666666666666666,4.009301579664822e-05
62,21,2,0.3333333333333333,8.018603159329644e-05
63,0,2,0.3333333333333333,8.018603159329644e-05
63,2,1,0.16666666666666666,4.009301579664822e-05
63,3,1,0.16666666666666666,4.009301579664822e-05
63,4,1,0.16666666666666666,4.009301579664822e-05
63,7,1,0.16666666666666666,4.009301579664822e-05
63,8,1,0.16666666666666666,4.009301579664822e-05
63,10,1,0.16666666666666666,4.009301579664822e-05
63,11,1,0.16666666666666666,4.009301579664822e-05
63,13,1,0.16666666666666666,4.009301579664822e-05
63,14,1,0.16666666666666666,4.009301579664822e-05
63,17,1,0.16666666666666666,4.009301579664822e-05
63,19,3,0.5,0.00012027904738994468
63,20,1,0.16666666666666666,4.009301579664822e-05
64,0,1,0.16666666666666666,4.009301579664822e-05
64,2,1,0.16666666666666666,4.009301579664822e-05
64,3,1,0.16666666666666666,4.009301579664822e-05
64,4,4,0.6666666666666666,0.00016037206318659288
64,5,1,0.16666666666666666,4.009301579664822e-05
64,7,1,0.16666666666666666,4.009301579664822e-05
64,13,1,0.16666666666666666,4.009301579664822e-05
64,14,1,0.16666666666666666,4.009301579664822e-05
64,15,4,0.6666666666666666,0.00016037206318659288
64,22,1,0.16666666666666666,4.009301579664822e-05
65,1,1,0.16666666666666666,4.009301579664822e-05
65,2,1,0.16666666666666666,4.009301579664822e-05
65,4,1,0.16666666666666666,4.009301579664822e-05
65,6,2,0.3333333333333333,8.018603159329644e-05
65,9,2,0.3333333333333333,8.018603159329644e-05
65,11,2,0.3333333333333333,8.018603159329644e-05
65,12,1,0.16666666666666666,4.009301579664822e-05
65,14,1,0.16666666666666666,4.009301579664822e-05
65,17,1,0.16666666666666666,4.009301579664822e-05
65,23,1,0.16666666666666666,4.009301579664822e-05
66,0,1,0.16666666666666666,4.009301579664822e-05
66,4,1,0.16666666666666666,4.009301579664822e-05
66,10,2,0.3333333333333333,8.018603159329644e-05
66,17,2,0.3333333333333333,8.018603159329644e-05
66,20,2,0.3333333333333333,8.018603159329644e-05
66,21,1,0.16666666666666666,4.009301579664822e-05
67,10,1,0.16666666666666666,4.009301579664822e-05
67,12,1,0.16666666666666666,4.009301579664822e-05
67,18,1,0.16666666666666666,4.009301579664822e-05
67,19,2,0.3333333333333333,8.018603159329644e-05
67,21,1,0.16666666666666666,4.009301579664822e-05
68,21,1,0.16666666666666666,4.009301579664822e-05
69,2,4,0.6666666666666666,0.00016037206318659288
69,5,2,0.3333333333333333,8.018603159329644e-05
69,7,1,0.16666666666666666,4.009301579664822e-05
69,9,1,0.16666666666666666,4.009301579664822e-05
69,13,1,0.16666666666666666,4.009301579664822e-05
69,22,4,0.6666666666666666,0.00016037206318659288
70,0,1,0.16666666666666666,4.009301579664822e-05
70,2,1,0.16666666666666666,4.009301579664822e-05
70,6,1,0.16666666666666666,4.009301579664822e-05
70,7,1,0.16666666666666666,4.009301579664822e-05
70,8,1,0.16666666666666666,4.009301579664822e-05
70,10,1,0.16666666666666666,4.009301579664822e-05
70,19,2,0.3333333333333333,8.018603159329644e-05
71,5,1,0.16666666666666666,4.009301579664822e-05
71,15,1,0.16666666666666666,4.009301579664822e-05
71,19,1,0.16666666666666666,4.009301579664822e-05
71,20,1,0.16666666666666666,4.009301579664822e-05
72,3,2,0.3333333333333333,8.018603159329644e-05
72,4,2,0.3333333333333333,8.018603159329644e-05
72,7,1,0.16666666666666666,4.009301579664822e-05
72,10,2,0.3333333333333333,8.018603159329644e-05
72,11,2,0.3333333333333333,8.018603159329644e-05
72,13,1,0.16666666666666666,4.009301579664822e-05
72,14,1,0.16666666666666666,4.009301579664822e-05
72,16,1,0.16666666666666666,4.009301579664822e-05
73,6,3,0.5,0.00012027904738994468
73,7,1,0.16666666666666666,4.009301579664822e-05
73,12,2,0.3333333333333333,8.018603159329644e-05
73,13,2,0.3333333333333333,8.018603159329644e-05
73,15,1,0.16666666666666666,4.009301579664822e-05
73,17,1,0.16666666666666666,4.009301579664822e-05
73,22,2,0.3333333333333333,8.018603159329644e-05
74,1,1,0.16666666666666666,4.009301579664822e-05
74,8,1,0.16666666666666666,4.009301579664822e-05
74,18,1,0.16666666666666666,4.009301579664822e-05
74,19,1,0.16666666666666666,4.009301579664822e-05
74,22,1,0.16666666666666666,4.009301579664822e-05
75,2,1,0.16666666666666666,4.009301579664822e-05
75,8,1,0.16666666666666666,4.009301579664822e-05
75,9,2,0.3333333333333333,8.018603159329644e-05
75,17,2,0.3333333333333333,8.018603159329644e-05
75,23,2,0.3333333333333333,8.018603159329644e-05
76,1,1,0.16666666666666666,4.009301579664822e-05
76,2,1,0.16666666666666666,4.009301579664822e-05
76,7,1,0.16666666666666666,4.009301579664822e-05
76,12,1,0.16666666666666666,4.009301579664822e-05
76,14,1,0.16666666666666666,4.009301579664822e-05
76,16,1,0.16666666666666666,4.009301579664822e-05
77,13,1,0.16666666666666666,4.009301579664822e-05
77,20,1,0.16666666666666666,4.009301579664822e-05
77,22,1,0.16666666666666666,4.009301579664822e-05
78,6,2,0.3333333333333333,8.018603159329644e-05
78,8,2,0.3333333333333333,8.018603159329644e-05
78,11,1,0.16666666666666666,4.009301579664822e-05
78,13,1,0.16666666666666666,4.009301579664822e-05
78,14,2,0.3333333333333333,8.018603159329644e-05
78,15,1,0.16666666666666666,4.009301579664822e-05
78,18,1,0.16666666666666666,4.009301579664822e-05
78,20,1,0.16666666666666666,4.009301579664822e-05
78,21,1,0.16666666666666666,4.009301579664822e-05
79,1,1,0.16666666666666666,4.009301579664822e-05
79,3,1,0.16666666666666666,4.009301579664822e-05
79,6,1,0.16666666666666666,4.009301579664822e-05
79,12,1,0.16666666666666666,4.009301579664822e-05
79,14,1,0.16666666666666666,4.009301579664822e-05
79,18,1,0.16666666666666666,4.009301579664822e-05
80,4,3,0.5,0.00012027904738994468
80,7,1,0.16666666666666666,4.009301579664822e-05
80,9,2,0.3333333333333333,8.018603159329644e-05
80,10,1,0.16666666666666666,4.009301579664822e-05
80,11,1,0.16666666666666666,4.009301579664822e-05
80,17,3,0.5,0.00012027904738994468
80,19,1,0.16666666666666666,4.009301579664822e-05
80,21,2,0.3333333333333333,8.018603159329644e-05
81,0,1,0.16666666666666666,4.009301579664822e-05
81,8,2,0.3333333333333333,8.018603159329644e-05
81,9,1,0.16666666666666666,4.009301579664822e-05
81,10,2,0.3333333333333333,8.018603159329644e-05
81,14,1,0.16666666666666666,4.009301579664822e-05
82,4,1,0.16666666666666666,4.009301579664822e-05
82,5,1,0.16666666666666666,4.009301579664822e-05
82,6,1,0.16666666666666666,4.009301579664822e-05
82,9,1,0.16666666666666666,4.009301579664822e-05
82,10,1,0.16666666666666666,4.009301579664822e-05
82,17,1,0.16666666666666666,4.009301579664822e-05
82,20,2,0.3333333333333333,8.018603159329644e-05
82,21,1,0.16666666666666666,4.009301579664822e-05
83,2,1,0.16666666666666666,4.009301579664822e-05
83,5,2,0.3333333333333333,8.018603159329644e-05
83,10,2,0.3333333333333333,8.018603159329644e-05
83,14,1,0.16666666666666666,4.009301579664822e-05
83,20,1,0.16666666666666666,4.009301579664822e-05
83,22,1,0.16666666666666666,4.009301579664822e-05
84,0,1,0.16666666666666666,4.009301579664822e-05
84,2,1,0.16666666666666666,4.009301579664822e-05
84,9,2,0.3333333333333333,8.018603159329644e-05
84,12,1,0.16666666666666666,4.009301579664822e-05
84,16,1,0.16666666666666666,4.009301579664822e-05
84,17,1,0.16666666666666666,4.009301579664822e-05
85,3,2,0.3333333333333333,8.018603159329644e-05
85,4,1,0.16666666666666666,4.009301579664822e-05
85,11,2,0.3333333333333333,8.018603159329644e-05
85,15,1,0.16666666666666666,4.009301579664822e-05
85,16,1,0.16666666666666666,4.009301579664822e-05
86,2,1,0.16666666666666666,4.009301579664822e-05
86,4,2,0.3333333333333333,8.018603159329644e-05
86,5,1,0.16666666666666666,4.009301579664822e-05
86,8,3,0.5,0.00012027904738994468
86,11,1,0.16666666666666666,4.009301579664822e-05
86,18,1,0.16666666666666666,4.009301579664822e-05
87,0,1,0.16666666666666666,4.009301579664822e-05
87,9,2,0.3333333333333333,8.018603159329644e-05
87,11,1,0.16666666666666666,4.009301579664822e-05
87,16,2,0.3333333333333333,8.018603159329644e-05
87,21,1,0.16666666666666666,4.009301579664822e-05
88,4,1,0.16666666666666666,4.009301579664822e-05
88,6,3,0.5,0.00012027904738994468
88,10,1,0.16666666666666666,4.009301579664822e-05
88,12,3,0.5,0.00012027904738994468
88,13,1,0.16666666666666666,4.009301579664822e-05
88,23,2,0.3333333333333333,8.018603159329644e-05
89,0,1,0.16666666666666666,4.009301579664822e-05
89,6,1,0.16666666666666666,4.009301579664822e-05
89,7,1,0.16666666666666666,4.009301579664822e-05
89,9,1,0.16666666666666666,4.009301579664822e-05
89,10,2,0.3333333333333333,8.018603159329644e-05
89,14,1,0.16666666666666666,4.009301579664822e-05
89,21,1,0.16666666666666666,4.009301579664822e-05
89,23,2,0.3333333333333333,8.018603159329644e-05
90,0,2,0.3333333333333333,8.018603159329644e-05
90,12,1,0.16666666666666666,4.009301579664822e-05
90,15,2,0.3333333333333333,8.018603159329644e-05
90,17,1,0.16666666666666666,4.009301579664822e-05
90,18,2,0.3333333333333333,8.018603159329644e-05
91,3,2,0.3333333333333333,8.018603159329644e-05
91,4,13,2.1666666666666665,0.0005212092053564269
91,5,4,0.6666666666666666,0.00016037206318659288
91,6,2,0.3333333333333333,8.018603159329644e-05
91,9,3,0.5,0.00012027904738994468
91,10,1,0.16666666666666666,4.009301579664822e-05
91,11,3,0.5,0.00012027904738994468
91,15,1,0.16666666666666666,4.009301579664822e-05
91,21,1,0.16666666666666666,4.009301579664822e-05
92,0,1,0.16666666666666666,4.009301579664822e-05
92,4,1,0.16666666666666666,4.009301579664822e-05
92,5,1,0.16666666666666666,4.009301579664822e-05
92,8,1,0.16666666666666666,4.009301579664822e-05
92,9,1,0.16666666666666666,4.009301579664822e-05
92,14,1,0.16666666666666666,4.009301579664822e-05
92,15,1,0.16666666666666666,4.009301579664822e-05
92,16,1,0.16666666666666666,4.009301579664822e-05
92,17,1,0.16666666666666666,4.009301579664822e-05
92,18,1,0.16666666666666666,4.009301579664822e-05
92,22,1,0.16666666666666666,4.009301579664822e-05
93,0,2,0.3333333333333333,8.018603159329644e-05
93,1,1,0.16666666666666666,4.009301579664822e-05
93,11,1,0.16666666666666666,4.009301579664822e-05
93,20,1,0.16666666666666666,4.009301579664822e-05
94,3,1,0.16666666666666666,4.009301579664822e-05
94,4,1,0.16666666666666666,4.009301579664822e-05
94,7,1,0.16666666666666666,4.009301579664822e-05
94,18,1,0.16666666666666666,4.009301579664822e-05
94,21,1,0.16666666666666666,4.009301579664822e-05
94,22,1,0.16666666666666666,4.009301579664822e-05
95,2,1,0.16666666666666666,4.009301579664822e-05
95,7,1,0.16666666666666666,4.009301579664822e-05
95,9,1,0.16666666666666666,4.009301579664822e-05
95,15,1,0.16666666666666666,4.009301579664822e-05
95,20,1,0.16666666666666666,4.009301579664822e-05
96,0,1,0.16666666666666666,4.009301579664822e-05
96,3,3,0.5,0.00012027904738994468
96,6,1,0.16666666666666666,4.009301579664822e-05
96,7,1,0.16666666666666666,4.009301579664822e-05
96,8,2,0.3333333333333333,8.018603159329644e-05
97,5,1,0.16666666666666666,4.009301579664822e-05
97,19,1,0.16666666666666666,4.009301579664822e-05
98,6,2,0.3333333333333333,8.018603159329644e-05
98,7,1,0.16666666666666666,4.009301579664822e-05
98,11,1,0.16666666666666666,4.009301579664822e-05
98,12,1,0.16666666666666666,4.009301579664822e-05
98,21,1,0.16666666666666666,4.009301579664822e-05
99,3,1,0.16666666666666666,4.009301579664822e-05
99,4,1,0.16666666666666666,4.009301579664822e-05
99,7,1,0.16666666666666666,4.009301579664822e-05
99,17,1,0.16666666666666666,4.009301579664822e-05
100,2,1,0.16666666666666666,4.009301579664822e-05
100,4,2,0.3333333333333333,8.018603159329644e-05
100,12,2,0.3333333333333333,8.018603159329644e-05
100,13,1,0.16666666666666666,4.009301579664822e-05
100,19,2,0.3333333333333333,8.018603159329644e-05
100,20,1,0.16666666666666666,4.009301579664822e-05
100,22,2,0.3333333333333333,8.018603159329644e-05
101,5,1,0.16666666666666666,4.009301579664822e-05
101,7,1,0.16666666666666666,4.009301579664822e-05
101,13,1,0.16666666666666666,4.009301579664822e-05
101,20,1,0.16666666666666666,4.009301579664822e-05
101,21,1,0.16666666666666666,4.009301579664822e-05
101,22,1,0.16666666666666666,4.009301579664822e-05
102,3,1,0.16666666666666666,4.009301579664822e-05
102,7,1,0.16666666666666666,4.009301579664822e-05
102,10,1,0.16666666666666666,4.009301579664822e-05
102,13,1,0.16666666666666666,4.009301579664822e-05
102,15,1,0.16666666666666666,4.009301579664822e-05
102,18,1,0.16666666666666666,4.009301579664822e-05
102,23,2,0.3333333333333333,8.018603159329644e-05
103,3,2,0.3333333333333333,8.018603159329644e-05
103,4,2,0.3333333333333333,8.018603159329644e-05
103,11,1,0.16666666666666666,4.009301579664822e-05
103,12,1,0.16666666666666666,4.009301579664822e-05
103,13,1,0.16666666666666666,4.009301579664822e-05
103,14,1,0.16666666666666666,4.009301579664822e-05
103,15,1,0.16666666666666666,4.009301579664822e-05
103,23,1,0.16666666666666666,4.009301579664822e-05
104,5,1,0.16666666666666666,4.009301579664822e-05
104,20,1,0.16666666666666666,4.009301579664822e-05
105,0,1,0.16666666666666666,4.009301579664822e-05
105,6,2,0.3333333333333333,8.018603159329644e-05
105,16,1,0.16666666666666666,4.009301579664822e-05
105,17,1,0.16666666666666666,4.009301579664822e-05
105,18,2,0.3333333333333333,8.018603159329644e-05
105,19,1,0.16666666666666666,4.009301579664822e-05
105,20,1,0.16666666666666666,4.009301579664822e-05
105,21,1,0.16666666666666666,4.009301579664822e-05
106,3,3,0.5,0.00012027904738994468
106,7,1,0.16666666666666666,4.009301579664822e-05
106,8,2,0.3333333333333333,8.018603159329644e-05
106,9,1,0.16666666666666666,4.009301579664822e-05
106,10,1,0.16666666666666666,4.009301579664822e-05
106,11,1,0.16666666666666666,4.009301579664822e-05
106,22,1,0.16666666666666666,4.009301579664822e-05
107,1,1,0.16666666666666666,4.009301579664822e-05
107,3,2,0.3333333333333333,8.018603159329644e-05
107,5,1,0.16666666666666666,4.009301579664822e-05
108,6,1,0.16666666666666666,4.009301579664822e-05
108,8,1,0.16666666666666666,4.009301579664822e-05
108,14,1,0.16666666666666666,4.009301579664822e-05
108,17,1,0.16666666666666666,4.009301579664822e-05
109,2,1,0.16666666666666666,4.009301579664822e-05
109,17,1,0.16666666666666666,4.009301579664822e-05
110,5,1,0.16666666666666666,4.009301579664822e-05
110,6,1,0.16666666666666666,4.009301579664822e-05
110,8,1,0.16666666666666666,4.009301579664822e-05
110,10,1,0.16666666666666666,4.009301579664822e-05
110,11,1,0.16666666666666666,4.009301579664822e-05
110,12,2,0.3333333333333333,8.018603159329644e-05
110,13,1,0.16666666666666666,4.009301579664822e-05
110,14,4,0.6666666666666666,0.00016037206318659288
110,15,1,0.16666666666666666,4.009301579664822e-05
111,1,1,0.16666666666666666,4.009301579664822e-05
111,2,1,0.16666666666666666,4.009301579664822e-05
111,4,2,0.3333333333333333,8.018603159329644e-05
111,7,1,0.16666666666666666,4.009301579664822e-05
111,17,1,0.16666666666666666,4.009301579664822e-05
111,19,1,0.16666666666666666,4.009301579664822e-05
112,4,1,0.16666666666666666,4.009301579664822e-05
112,7,3,0.5,0.00012027904738994468
112,21,1,0.16666666666666666,4.009301579664822e-05
112,23,1,0.16666666666666666,4.009301579664822e-05
113,5,1,0.16666666666666666,4.009301579664822e-05
113,12,1,0.16666666666666666,4.009301579664822e-05
113,20,1,0.16666666666666666,4.009301579664822e-05
113,22,1,0.16666666666666666,4.009301579664822e-05
114,0,2,0.3333333333333333,8.018603159329644e-05
114,6,1,0.16666666666666666,4.009301579664822e-05
114,13,1,0.16666666666666666,4.009301579664822e-05
114,23,1,0.16666666666666666,4.009301579664822e-05
115,6,2,0.3333333333333333,8.018603159329644e-05
115,9,1,0.16666666666666666,4.009301579664822e-05
115,10,2,0.3333333333333333,8.018603159329644e-05
115,11,1,0.16666666666666666,4.009301579664822e-05
115,16,1,0.16666666666666666,4.009301579664822e-05
115,17,1,0.16666666666666666,4.009301579664822e-05
115,18,2,0.3333333333333333,8.018603159329644e-05
115,20,1,0.16666666666666666,4.009301579664822e-05
115,21,1,0.16666666666666666,4.009301579664822e-05
115,22,1,0.16666666666666666,4.009301579664822e-05
116,0,1,0.16666666666666666,4.009301579664822e-05
116,4,1,0.16666666666666666,4.009301579664822e-05
116,7,1,0.16666666666666666,4.009301579664822e-05
116,8,1,0.16666666666666666,4.009301579664822e-05
116,9,1,0.16666666666666666,4.009301579664822e-05
116,20,1,0.16666666666666666,4.009301579664822e-05
116,22,2,0.3333333333333333,8.018603159329644e-05
117,1,1,0.16666666666666666,4.009301579664822e-05
117,8,2,0.3333333333333333,8.018603159329644e-05
117,13,1,0.16666666666666666,4.009301579664822e-05
117,15,1,0.16666666666666666,4.009301579664822e-05
117,17,1,0.16666666666666666,4.009301579664822e-05
117,22,1,0.16666666666666666,4.009301579664822e-05
118,0,1,0.16666666666666666,4.009301579664822e-05
118,11,1,0.16666666666666666,4.009301579664822e-05
118,22,1,0.16666666666666666,4.009301579664822e-05
119,0,2,0.3333333333333333,8.018603159329644e-05
119,3,7,1.1666666666666667,0.0002806511105765376
119,4,2,0.3333333333333333,8.018603159329644e-05
119,5,1,0.16666666666666666,4.009301579664822e-05
119,6,2,0.3333333333333333,8.018603159329644e-05
119,8,1,0.16666666666666666,4.009301579664822e-05
119,10,1,0.16666666666666666,4.009301579664822e-05
119,13,1,0.16666666666666666,4.009301579664822e-05
120,1,1,0.16666666666666666,4.009301579664822e-05
120,2,2,0.3333333333333333,8.018603159329644e-05
120,4,1,0.16666666666666666,4.009301579664822e-05
120,8,2,0.3333333333333333,8.018603159329644e-05
120,16,1,0.16666666666666666,4.009301579664822e-05
120,17,1,0.16666666666666666,4.009301579664822e-05
120,20,1,0.16666666666666666,4.009301579664822e-05
121,1,2,0.3333333333333333,8.018603159329644e-05
121,3,1,0.16666666666666666,4.009301579664822e-05
121,6,1,0.16666666666666666,4.009301579664822e-05
121,10,2,0.3333333333333333,8.018603159329644e-05
121,11,1,0.16666666666666666,4.009301579664822e-05
121,12,1,0.16666666666666666,4.009301579664822e-05
121,13,1,0.16666666666666666,4.009301579664822e-05
121,16,1,0.16666666666666666,4.009301579664822e-05
121,21,1,0.16666666666666666,4.009301579664822e-05
122,2,1,0.16666666666666666,4.009301579664822e-05
122,5,1,0.16666666666666666,4.009301579664822e-05
122,7,2,0.3333333333333333,8.018603159329644e-05
122,10,1,0.16666666666666666,4.009301579664822e-05
122,12,1,0.16666666666666666,4.009301579664822e-05
122,14,1,0.16666666666666666,4.009301579664822e-05
122,16,1,0.16666666666666666,4.009301579664822e-05
122,20,1,0.16666666666666666,4.009301579664822e-05
122,22,1,0.16666666666666666,4.009301579664822e-05
123,9,1,0.16666666666666666,4.009301579664822e-05
123,11,1,0.16666666666666666,4.009301579664822e-05
123,13,1,0.16666666666666666,4.009301579664822e-05
123,15,1,0.16666666666666666,4.009301579664822e-05
123,17,1,0.16666666666666666,4.009301579664822e-05
124,1,1,0.16666666666666666,4.009301579664822e-05
124,5,1,0.16666666666666666,4.009301579664822e-05
124,10,2,0.3333333333333333,8.018603159329644e-05
124,11,1,0.16666666666666666,4.009301579664822e-05
124,16,1,0.16666666666666666,4.009301579664822e-05
124,18,1,0.16666666666666666,4.009301579664822e-05
124,20,1,0.16666666666666666,4.009301579664822e-05
125,3,1,0.16666666666666666,4.009301579664822e-05
125,9,1,0.16666666666666666,4.009301579664822e-05
125,18,1,0.16666666666666666,4.009301579664822e-05
126,8,1,0.16666666666666666,4.009301579664822e-05
126,11,1,0.16666666666666666,4.009301579664822e-05
126,12,1,0.16666666666666666,4.009301579664822e-05
126,14,1,0.16666666666666666,4.009301579664822e-05
126,15,1,0.16666666666666666,4.009301579664822e-05
126,17,1,0.16666666666666666,4.009301579664822e-05
127,4,1,0.16666666666666666,4.009301579664822e-05
127,5,2,0.3333333333333333,8.018603159329644e-05
127,6,1,0.16666666666666666,4.009301579664822e-05
127,8,3,0.5,0.00012027904738994468
127,11,1,0.16666666666666666,4.009301579664822e-05
128,0,1,0.16666666666666666,4.009301579664822e-05
128,9,1,0.16666666666666666,4.009301579664822e-05
128,11,1,0.16666666666666666,4.009301579664822e-05
128,12,1,0.16666666666666666,4.009301579664822e-05
128,15,2,0.3333333333333333,8.018603159329644e-05
128,17,1,0.16666666666666666,4.009301579664822e-05
128,19,1,0.16666666666666666,4.009301579664822e-05
129,2,1,0.16666666666666666,4.009301579664822e-05
129,7,1,0.16666666666666666,4.009301579664822e-05
129,13,4,0.6666666666666666,0.00016037206318659288
129,16,1,0.16666666666666666,4.009301579664822e-05
129,17,1,0.16666666666666666,4.009301579664822e-05
129,21,1,0.16666666666666666,4.009301579664822e-05
129,22,1,0.16666666666666666,4.009301579664822e-05
130,4,1,0.16666666666666666,4.009301579664822e-05
130,10,1,0.16666666666666666,4.009301579664822e-05
130,11,1,0.16666666666666666,4.009301579664822e-05
131,2,1,0.16666666666666666,4.009301579664822e-05
131,4,1,0.16666666666666666,4.009301579664822e-05
131,9,2,0.3333333333333333,8.018603159329644e-05
131,13,1,0.16666666666666666,4.009301579664822e-05
131,15,1,0.16666666666666666,4.009301579664822e-05
131,18,3,0.5,0.00012027904738994468
131,19,1,0.16666666666666666,4.009301579664822e-05
131,21,1,0.16666666666666666,4.009301579664822e-05
132,5,1,0.16666666666666666,4.009301579664822e-05
132,8,1,0.16666666666666666,4.009301579664822e-05
132,16,1,0.16666666666666666,4.009301579664822e-05
133,3,3,0.5,0.00012027904738994468
133,7,1,0.16666666666666666,4.009301579664822e-05
133,9,1,0.16666666666666666,4.009301579664822e-05
133,11,1,0.16666666666666666,4.009301579664822e-05
133,14,1,0.16666666666666666,4.009301579664822e-05
133,18,1,0.16666666666666666,4.009301579664822e-05
133,19,1,0.16666666666666666,4.009301579664822e-05
134,2,1,0.16666666666666666,4.009301579664822e-05
134,8,1,0.16666666666666666,4.009301579664822e-05
134,10,1,0.16666666666666666,4.009301579664822e-05
134,11,1,0.16666666666666666,4.009301579664822e-05
134,15,1,0.16666666666666666,4.009301579664822e-05
134,19,1,0.16666666666666666,4.009301579664822e-05
134,21,1,0.16666666666666666,4.009301579664822e-05
135,5,1,0.16666666666666666,4.009301579664822e-05
135,9,1,0.16666666666666666,4.009301579664822e-05
135,14,1,0.16666666666666666,4.009301579664822e-05
135,16,2,0.3333333333333333,8.018603159329644e-05
135,18,1,0.16666666666666666,4.009301579664822e-05
136,0,1,0.16666666666666666,4.009301579664822e-05
136,3,1,0.16666666666666666,4.009301579664822e-05
136,7,1,0.16666666666666666,4.009301579664822e-05
136,8,1,0.16666666666666666,4.009301579664822e-05
136,11,1,0.16666666666666666,4.009301579664822e-05
136,23,2,0.3333333333333333,8.018603159329644e-05
137,6,1,0.16666666666666666,4.009301579664822e-05
137,8,1,0.16666666666666666,4.009301579664822e-05
137,18,2,0.3333333333333333,8.018603159329644e-05
138,0,1,0.16666666666666666,4.009301579664822e-05
138,2,2,0.3333333333333333,8.018603159329644e-05
138,5,1,0.16666666666666666,4.009301579664822e-05
138,20,1,0.16666666666666666,4.009301579664822e-05
138,22,1,0.16666666666666666,4.009301579664822e-05
139,1,1,0.16666666666666666,4.009301579664822e-05
139,11,1,0.16666666666666666,4.009301579664822e-05
139,14,1,0.16666666666666666,4.009301579664822e-05
139,23,1,0.16666666666666666,4.009301579664822e-05
140,0,1,0.16666666666666666,4.009301579664822e-05
140,3,1,0.16666666666666666,4.009301579664822e-05
140,7,1,0.16666666666666666,4.009301579664822e-05
140,9,1,0.16666666666666666,4.009301579664822e-05
140,10,1,0.16666666666666666,4.009301579664822e-05
141,0,1,0.16666666666666666,4.009301579664822e-05
141,1,1,0.16666666666666666,4.009301579664822e-05
141,3,1,0.16666666666666666,4.009301579664822e-05
141,5,1,0.16666666666666666,4.009301579664822e-05
141,8,1,0.16666666666666666,4.009301579664822e-05
141,12,1,0.16666666666666666,4.009301579664822e-05
141,16,1,0.16666666666666666,4.009301579664822e-05
141,19,1,0.16666666666666666,4.009301579664822e-05
142,1,1,0.16666666666666666,4.009301579664822e-05
142,4,1,0.16666666666666666,4.009301579664822e-05
142,7,1,0.16666666666666666,4.009301579664822e-05
142,10,2,0.3333333333333333,8.018603159329644e-05
143,0,1,0.16666666666666666,4.009301579664822e-05
143,4,1,0.16666666666666666,4.009301579664822e-05
143,13,1,0.16666666666666666,4.009301579664822e-05
143,16,1,0.16666666666666666,4.009301579664822e-05
143,18,1,0.16666666666666666,4.009301579664822e-05
143,19,2,0.3333333333333333,8.018603159329644e-05
144,16,1,0.16666666666666666,4.009301579664822e-05
144,23,3,0.5,0.00012027904738994468
145,14,1,0.16666666666666666,4.009301579664822e-05
145,16,1,0.16666666666666666,4.009301579664822e-05
146,1,1,0.16666666666666666,4.009301579664822e-05
146,7,1,0.16666666666666666,4.009301579664822e-05
146,8,1,0.16666666666666666,4.009301579664822e-05
146,10,2,0.3333333333333333,8.018603159329644e-05
146,11,1,0.16666666666666666,4.009301579664822e-05
146,15,1,0.16666666666666666,4.009301579664822e-05
147,7,1,0.16666666666666666,4.009301579664822e-05
147,9,1,0.16666666666666666,4.009301579664822e-05
147,10,1,0.16666666666666666,4.009301579664822e-05
148,7,1,0.16666666666666666,4.009301579664822e-05
148,8,1,0.16666666666666666,4.009301579664822e-05
148,22,2,0.3333333333333333,8.018603159329644e-05
149,10,1,0.16666666666666666,4.009301579664822e-05
149,17,4,0.6666666666666666,0.00016037206318659288
149,18,1,0.16666666666666666,4.009301579664822e-05
149,22,1,0.16666666666666666,4.009301579664822e-05
150,0,1,0.16666666666666666,4.009301579664822e-05
150,2,1,0.16666666666666666,4.009301579664822e-05
150,5,1,0.16666666666666666,4.009301579664822e-05
150,13,1,0.16666666666666666,4.009301579664822e-05
150,15,2,0.3333333333333333,8.018603159329644e-05
150,18,1,0.16666666666666666,4.009301579664822e-05
150,21,1,0.16666666666666666,4.009301579664822e-05
150,23,1,0.16666666666666666,4.009301579664822e-05
151,0,1,0.16666666666666666,4.009301579664822e-05
151,2,1,0.16666666666666666,4.009301579664822e-05
151,12,1,0.16666666666666666,4.009301579664822e-05
151,13,1,0.16666666666666666,4.009301579664822e-05
151,15,2,0.3333333333333333,8.018603159329644e-05
151,16,2,0.3333333333333333,8.018603159329644e-05
151,17,1,0.16666666666666666,4.009301579664822e-05
151,21,1,0.16666666666666666,4.009301579664822e-05
152,2,1,0.16666666666666666,4.009301579664822e-05
152,12,1,0.16666666666666666,4.009301579664822e-05
152,15,1,0.16666666666666666,4.009301579664822e-05
153,1,1,0.16666666666666666,4.009301579664822e-05
153,8,2,0.3333333333333333,8.018603159329644e-05
153,10,1,0.16666666666666666,4.009301579664822e-05
153,14,1,0.16666666666666666,4.009301579664822e-05
154,3,1,0.16666666666666666,4.009301579664822e-05
155,3,1,0.16666666666666666,4.009301579664822e-05
155,19,1,0.16666666666666666,4.009301579664822e-05
155,20,2,0.3333333333333333,8.018603159329644e-05
156,6,1,0.16666666666666666,4.009301579664822e-05
156,11,1,0.16666666666666666,4.009301579664822e-05
157,9,1,0.16666666666666666,4.009301579664822e-05
158,0,1,0.16666666666666666,4.009301579664822e-05
158,1,1,0.16666666666666666,4.009301579664822e-05
158,16,6,1.0,0.00024055809477988935
158,17,1,0.16666666666666666,4.009301579664822e-05
159,7,1,0.16666666666666666,4.009301579664822e-05
159,10,1,0.16666666666666666,4.009301579664822e-05
159,18,1,0.16666666666666666,4.009301579664822e-05
160,15,1,0.16666666666666666,4.009301579664822e-05
160,20,1,0.16666666666666666,4.009301579664822e-05
160,21,1,0.16666666666666666,4.009301579664822e-05
161,0,1,0.16666666666666666,4.009301579664822e-05
161,7,1,0.16666666666666666,4.009301579664822e-05
161,8,1,0.16666666666666666,4.009301579664822e-05
161,9,1,0.16666666666666666,4.009301579664822e-05
161,14,1,0.16666666666666666,4.009301579664822e-05
162,3,1,0.16666666666666666,4.009301579664822e-05
162,4,1,0.16666666666666666,4.009301579664822e-05
162,10,2,0.3333333333333333,8.018603159329644e-05
162,23,1,0.16666666666666666,4.009301579664822e-05
163,6,1,0.16666666666666666,4.009301579664822e-05
163,18,1,0.16666666666666666,4.009301579664822e-05
164,2,2,0.3333333333333333,8.018603159329644e-05
165,1,1,0.16666666666666666,4.009301579664822e-05
165,4,1,0.16666666666666666,4.009301579664822e-05
165,10,1,0.16666666666666666,4.009301579664822e-05
165,22,1,0.16666666666666666,4.009301579664822e-05
166,10,1,0.16666666666666666,4.009301579664822e-05
166,20,1,0.16666666666666666,4.009301579664822e-05
167,5,1,0.16666666666666666,4.009301579664822e-05
167,8,1,0.16666666666666666,4.009301579664822e-05
167,13,1,0.16666666666666666,4.009301579664822e-05
167,19,1,0.16666666666666666,4.009301579664822e-05
168,3,1,0.16666666666666666,4.009301579664822e-05
168,8,1,0.16666666666666666,4.009301579664822e-05
168,20,1,0.16666666666666666,4.009301579664822e-05
169,20,1,0.16666666666666666,4.009301579664822e-05
171,16,1,0.16666666666666666,4.009301579664822e-05
171,23,1,0.16666666666666666,4.009301579664822e-05
172,4,1,0.16666666666666666,4.009301579664822e-05
172,9,1,0.16666666666666666,4.009301579664822e-05
175,4,1,0.16666666666666666,4.009301579664822e-05
177,22,1,0.16666666666666666,4.009301579664822e-05
178,16,1,0.16666666666666666,4.009301579664822e-05
178,18,1,0.16666666666666666,4.009301579664822e-05
179,7,2,0.3333333333333333,8.018603159329644e-05
180,6,1,0.16666666666666666,4.009301579664822e-05
180,7,1,0.16666666666666666,4.009301579664822e-05
181,3,1,0.16666666666666666,4.009301579664822e-05
181,17,1,0.16666666666666666,4.009301579664822e-05
181,20,1,0.16666666666666666,4.009301579664822e-05
182,2,2,0.3333333333333333,8.018603159329644e-05
182,9,1,0.16666666666666666,4.009301579664822e-05
183,6,1,0.16666666666666666,4.009301579664822e-05
183,13,1,0.16666666666666666,4.009301579664822e-05
184,5,1,0.16666666666666666,4.009301579664822e-05
184,9,1,0.16666666666666666,4.009301579664822e-05
184,13,1,0.16666666666666666,4.009301579664822e-05
184,23,1,0.16666666666666666,4.009301579664822e-05
185,4,1,0.16666666666666666,4.009301579664822e-05
186,9,1,0.16666666666666666,4.009301579664822e-05
186,12,1,0.16666666666666666,4.009301579664822e-05
187,3,1,0.16666666666666666,4.009301579664822e-05
187,6,1,0.16666666666666666,4.009301579664822e-05
187,8,1,0.16666666666666666,4.009301579664822e-05
187,9,3,0.5,0.00012027904738994468
187,16,1,0.16666666666666666,4.009301579664822e-05
187,17,1,0.16666666666666666,4.009301579664822e-05
187,22,1,0.16666666666666666,4.009301579664822e-05
188,8,1,0.16666666666666666,4.009301579664822e-05
188,11,1,0.16666666666666666,4.009301579664822e-05
189,6,1,0.16666666666666666,4.009301579664822e-05
189,15,1,0.16666666666666666,4.009301579664822e-05
190,1,1,0.16666666666666666,4.009301579664822e-05
190,3,1,0.16666666666666666,4.009301579664822e-05
190,14,1,0.16666666666666666,4.009301579664822e-05
190,18,3,0.5,0.00012027904738994468
191,12,1,0.16666666666666666,4.009301579664822e-05
191,15,1,0.16666666666666666,4.009301579664822e-05
191,22,1,0.16666666666666666,4.009301579664822e-05
192,9,1,0.16666666666666666,4.009301579664822e-05
192,16,1,0.16666666666666666,4.009301579664822e-05
193,0,1,0.16666666666666666,4.009301579664822e-05
193,6,2,0.3333333333333333,8.018603159329644e-05
193,14,1,0.16666666666666666,4.009301579664822e-05
194,5,2,0.3333333333333333,8.018603159329644e-05
194,7,1,0.16666666666666666,4.009301579664822e-05
194,9,1,0.16666666666666666,4.009301579664822e-05
195,8,1,0.16666666666666666,4.009301579664822e-05
195,10,1,0.16666666666666666,4.009301579664822e-05
196,15,2,0.3333333333333333,8.018603159329644e-05
197,17,1,0.16666666666666666,4.009301579664822e-05
198,21,1,0.16666666666666666,4.009301579664822e-05
200,0,1,0.16666666666666666,4.009301579664822e-05
200,20,1,0.16666666666666666,4.009301579664822e-05
201,19,1,0.16666666666666666,4.009301579664822e-05
202,5,1,0.16666666666666666,4.009301579664822e-05
202,9,1,0.16666666666666666,4.009301579664822e-05
203,8,1,0.16666666666666666,4.009301579664822e-05
203,13,1,0.16666666666666666,4.009301579664822e-05
203,15,1,0.16666666666666666,4.009301579664822e-05
204,3,1,0.16666666666666666,4.009301579664822e-05
205,5,2,0.3333333333333333,8.018603159329644e-05
205,9,1,0.16666666666666666,4.009301579664822e-05
205,10,2,0.3333333333333333,8.018603159329644e-05
205,23,1,0.16666666666666666,4.009301579664822e-05
206,3,1,0.16666666666666666,4.009301579664822e-05
206,8,1,0.16666666666666666,4.009301579664822e-05
206,10,1,0.16666666666666666,4.009301579664822e-05
207,8,1,0.16666666666666666,4.009301579664822e-05
207,19,1,0.16666666666666666,4.009301579664822e-05
208,2,1,0.16666666666666666,4.009301579664822e-05
208,8,1,0.16666666666666666,4.009301579664822e-05
208,15,1,0.16666666666666666,4.009301579664822e-05
208,19,1,0.16666666666666666,4.009301579664822e-05
210,9,1,0.16666666666666666,4.009301579664822e-05
210,17,1,0.16666666666666666,4.009301579664822e-05
211,6,1,0.16666666666666666,4.009301579664822e-05
211,7,1,0.16666666666666666,4.009301579664822e-05
212,6,1,0.16666666666666666,4.009301579664822e-05
212,22,1,0.16666666666666666,4.009301579664822e-05
213,5,1,0.16666666666666666,4.009301579664822e-05
213,7,1,0.16666666666666666,4.009301579664822e-05
214,7,1,0.16666666666666666,4.009301579664822e-05
214,20,1,0.16666666666666666,4.009301579664822e-05
215,8,2,0.3333333333333333,8.018603159329644e-05
215,15,2,0.3333333333333333,8.018603159329644e-05
217,7,2,0.3333333333333333,8.018603159329644e-05
218,7,1,0.16666666666666666,4.009301579664822e-05
218,9,1,0.16666666666666666,4.009301579664822e-05
218,12,1,0.16666666666666666,4.009301579664822e-05
219,1,1,0.16666666666666666,4.009301579664822e-05
219,13,1,0.16666666666666666,4.009301579664822e-05
221,5,1,0.16666666666666666,4.009301579664822e-05
222,1,1,0.16666666666666666,4.009301579664822e-05
222,6,1,0.16666666666666666,4.009301579664822e-05
222,20,1,0.16666666666666666,4.009301579664822e-05
223,14,1,0.16666666666666666,4.009301579664822e-05
225,0,1,0.16666666666666666,4.009301579664822e-05
225,16,1,0.16666666666666666,4.009301579664822e-05
226,5,1,0.16666666666666666,4.009301579664822e-05
226,10,1,0.16666666666666666,4.009301579664822e-05
227,5,1,0.16666666666666666,4.009301579664822e-05
227,11,1,0.16666666666666666,4.009301579664822e-05
228,3,2,0.3333333333333333,8.018603159329644e-05
228,4,1,0.16666666666666666,4.009301579664822e-05
230,0,1,0.16666666666666666,4.009301579664822e-05
230,4,1,0.16666666666666666,4.009301579664822e-05
231,3,1,0.16666666666666666,4.009301579664822e-05
231,13,1,0.16666666666666666,4.009301579664822e-05
232,2,2,0.3333333333333333,8.018603159329644e-05
232,8,1,0.16666666666666666,4.009301579664822e-05
233,7,1,0.16666666666666666,4.009301579664822e-05
233,8,1,0.16666666666666666,4.009301579664822e-05
233,13,1,0.16666666666666666,4.009301579664822e-05
234,11,2,0.3333333333333333,8.018603159329644e-05
234,18,1,0.16666666666666666,4.009301579664822e-05
235,23,4,0.6666666666666666,0.00016037206318659288
236,4,1,0.16666666666666666,4.009301579664822e-05
236,10,1,0.16666666666666666,4.009301579664822e-05
237,2,3,0.5,0.00012027904738994468
237,16,1,0.16666666666666666,4.009301579664822e-05
237,20,1,0.16666666666666666,4.009301579664822e-05
237,21,1,0.16666666666666666,4.009301579664822e-05
238,1,1,0.16666666666666666,4.009301579664822e-05
239,12,1,0.16666666666666666,4.009301579664822e-05
239,17,1,0.16666666666666666,4.009301579664822e-05
239,20,1,0.16666666666666666,4.009301579664822e-05
240,13,1,0.16666666666666666,4.009301579664822e-05
241,0,1,0.16666666666666666,4.009301579664822e-05
241,6,1,0.16666666666666666,4.009301579664822e-05
241,9,1,0.16666666666666666,4.009301579664822e-05
242,20,1,0.16666666666666666,4.009301579664822e-05
242,21,1,0.16666666666666666,4.009301579664822e-05
243,15,1,0.16666666666666666,4.009301579664822e-05
245,8,1,0.16666666666666666,4.009301579664822e-05
246,14,1,0.16666666666666666,4.009301579664822e-05
246,17,1,0.16666666666666666,4.009301579664822e-05
247,5,1,0.16666666666666666,4.009301579664822e-05
247,17,1,0.16666666666666666,4.009301579664822e-05
247,21,1,0.16666666666666666,4.009301579664822e-05
248,15,1,0.16666666666666666,4.009301579664822e-05
249,15,1,0.16666666666666666,4.009301579664822e-05
250,15,1,0.16666666666666666,4.009301579664822e-05
251,3,1,0.16666666666666666,4.009301579664822e-05
251,18,2,0.3333333333333333,8.018603159329644e-05
253,10,1,0.16666666666666666,4.009301579664822e-05
253,17,1,0.16666666666666666,4.009301579664822e-05
255,2,1,0.16666666666666666,4.009301579664822e-05
256,11,2,0.3333333333333333,8.018603159329644e-05
256,13,2,0.3333333333333333,8.018603159329644e-05
257,2,1,0.16666666666666666,4.009301579664822e-05
258,7,1,0.16666666666666666,4.009301579664822e-05
258,8,1,0.16666666666666666,4.009301579664822e-05
258,15,1,0.16666666666666666,4.009301579664822e-05
259,15,1,0.16666666666666666,4.009301579664822e-05
259,23,1,0.16666666666666666,4.009301579664822e-05
262,7,1,0.16666666666666666,4.009301579664822e-05
262,11,1,0.16666666666666666,4.009301579664822e-05
263,8,1,0.16666666666666666,4.009301579664822e-05
264,9,1,0.16666666666666666,4.009301579664822e-05
265,0,1,0.16666666666666666,4.009301579664822e-05
265,12,1,0.16666666666666666,4.009301579664822e-05
265,14,1,0.16666666666666666,4.009301579664822e-05
265,22,1,0.16666666666666666,4.009301579664822e-05
266,0,1,0.16666666666666666,4.009301579664822e-05
266,1,1,0.16666666666666666,4.009301579664822e-05
266,2,1,0.16666666666666666,4.009301579664822e-05
266,10,1,0.16666666666666666,4.009301579664822e-05
267,5,1,0.16666666666666666,4.009301579664822e-05
267,13,1,0.16666666666666666,4.009301579664822e-05
268,0,1,0.16666666666666666,4.009301579664822e-05
268,11,1,0.16666666666666666,4.009301579664822e-05
268,17,1,0.16666666666666666,4.009301579664822e-05
269,14,1,0.16666666666666666,4.009301579664822e-05
269,15,1,0.16666666666666666,4.009301579664822e-05
269,21,1,0.16666666666666666,4.009301579664822e-05
270,2,1,0.16666666666666666,4.009301579664822e-05
270,6,1,0.16666666666666666,4.009301579664822e-05
271,7,1,0.16666666666666666,4.009301579664822e-05
272,0,1,0.16666666666666666,4.009301579664822e-05
272,8,1,0.16666666666666666,4.009301579664822e-05
273,17,2,0.3333333333333333,8.018603159329644e-05
273,22,1,0.16666666666666666,4.009301579664822e-05
274,2,1,0.16666666666666666,4.009301579664822e-05
274,15,1,0.16666666666666666,4.009301579664822e-05
274,22,1,0.16666666666666666,4.009301579664822e-05
275,1,1,0.16666666666666666,4.009301579664822e-05
275,23,1,0.16666666666666666,4.009301579664822e-05
276,5,1,0.16666666666666666,4.009301579664822e-05
276,6,1,0.16666666666666666,4.009301579664822e-05
276,8,1,0.16666666666666666,4.009301579664822e-05
276,13,1,0.16666666666666666,4.009301579664822e-05
276,14,1,0.16666666666666666,4.009301579664822e-05
276,17,1,0.16666666666666666,4.009301579664822e-05
279,17,1,0.16666666666666666,4.009301579664822e-05
280,0,1,0.16666666666666666,4.009301579664822e-05
280,5,1,0.16666666666666666,4.009301579664822e-05
280,8,1,0.16666666666666666,4.009301579664822e-05
281,4,1,0.16666666666666666,4.009301579664822e-05
282,3,1,0.16666666666666666,4.009301579664822e-05
282,6,1,0.16666666666666666,4.009301579664822e-05
282,21,1,0.16666666666666666,4.009301579664822e-05
282,23,1,0.16666666666666666,4.009301579664822e-05
283,5,1,0.16666666666666666,4.009301579664822e-05
283,22,1,0.16666666666666666,4.009301579664822e-05
284,6,2,0.3333333333333333,8.018603159329644e-05
285,4,2,0.3333333333333333,8.018603159329644e-05
286,6,1,0.16666666666666666,4.009301579664822e-05
288,19,1,0.16666666666666666,4.009301579664822e-05
289,2,1,0.16666666666666666,4.009301579664822e-05
289,7,1,0.16666666666666666,4.009301579664822e-05
289,16,1,0.16666666666666666,4.009301579664822e-05
289,18,1,0.16666666666666666,4.009301579664822e-05
290,3,1,0.16666666666666666,4.009301579664822e-05
290,4,1,0.16666666666666666,4.009301579664822e-05
291,1,1,0.16666666666666666,4.009301579664822e-05
291,4,1,0.16666666666666666,4.009301579664822e-05
293,7,1,0.16666666666666666,4.009301579664822e-05
293,12,1,0.16666666666666666,4.009301579664822e-05
294,1,1,0.16666666666666666,4.009301579664822e-05
294,16,1,0.16666666666666666,4.009301579664822e-05
295,9,2,0.3333333333333333,8.018603159329644e-05
295,17,1,0.16666666666666666,4.009301579664822e-05
295,23,1,0.16666666666666666,4.009301579664822e-05
296,3,1,0.16666666666666666,4.009301579664822e-05
296,4,1,0.16666666666666666,4.009301579664822e-05
296,16,1,0.16666666666666666,4.009301579664822e-05
300,12,2,0.3333333333333333,8.018603159329644e-05
300,19,1,0.16666666666666666,4.009301579664822e-05
302,1,1,0.16666666666666666,4.009301579664822e-05
302,4,1,0.16666666666666666,4.009301579664822e-05
302,9,2,0.3333333333333333,8.018603159329644e-05
302,15,1,0.16666666666666666,4.009301579664822e-05
303,1,1,0.16666666666666666,4.009301579664822e-05
304,8,3,0.5,0.00012027904738994468
304,13,1,0.16666666666666666,4.009301579664822e-05
308,6,1,0.16666666666666666,4.009301579664822e-05
310,3,1,0.16666666666666666,4.009301579664822e-05
311,2,1,0.16666666666666666,4.009301579664822e-05
312,0,1,0.16666666666666666,4.009301579664822e-05
312,5,3,0.5,0.00012027904738994468
312,7,1,0.16666666666666666,4.009301579664822e-05
313,6,1,0.16666666666666666,4.009301579664822e-05
313,15,1,0.16666666666666666,4.009301579664822e-05
315,8,1,0.16666666666666666,4.009301579664822e-05
315,20,1,0.16666666666666666,4.009301579664822e-05
316,6,1,0.16666666666666666,4.009301579664822e-05
316,8,2,0.3333333333333333,8.018603159329644e-05
316,9,2,0.3333333333333333,8.018603159329644e-05
318,6,1,0.16666666666666666,4.009301579664822e-05
318,10,1,0.16666666666666666,4.009301579664822e-05
318,11,1,0.16666666666666666,4.009301579664822e-05
319,7,1,0.16666666666666666,4.009301579664822e-05
319,11,1,0.16666666666666666,4.009301579664822e-05
320,2,2,0.3333333333333333,8.018603159329644e-05
320,3,1,0.16666666666666666,4.009301579664822e-05
320,13,1,0.16666666666666666,4.009301579664822e-05
321,1,1,0.16666666666666666,4.009301579664822e-05
321,17,1,0.16666666666666666,4.009301579664822e-05
323,12,1,0.16666666666666666,4.009301579664822e-05
324,19,1,0.16666666666666666,4.009301579664822e-05
326,5,2,0.3333333333333333,8.018603159329644e-05
327,5,1,0.16666666666666666,4.009301579664822e-05
327,8,1,0.16666666666666666,4.009301579664822e-05
329,8,1,0.16666666666666666,4.009301579664822e-05
329,17,1,0.16666666666666666,4.009301579664822e-05
330,7,1,0.16666666666666666,4.009301579664822e-05
330,13,1,0.16666666666666666,4.009301579664822e-05
331,7,1,0.16666666666666666,4.009301579664822e-05
331,22,2,0.3333333333333333,8.018603159329644e-05
332,16,1,0.16666666666666666,4.009301579664822e-05
333,14,1,0.16666666666666666,4.009301579664822e-05
333,18,1,0.16666666666666666,4.009301579664822e-05
337,4,1,0.16666666666666666,4.009301579664822e-05
337,17,1,0.16666666666666666,4.009301579664822e-05
338,9,1,0.16666666666666666,4.009301579664822e-05
338,16,4,0.6666666666666666,0.00016037206318659288
339,10,1,0.16666666666666666,4.009301579664822e-05
340,9,1,0.16666666666666666,4.009301579664822e-05
341,3,1,0.16666666666666666,4.009301579664822e-05
343,8,1,0.16666666666666666,4.009301579664822e-05
344,2,1,0.16666666666666666,4.009301579664822e-05
346,8,1,0.16666666666666666,4.009301579664822e-05
346,10,1,0.16666666666666666,4.009301579664822e-05
350,9,1,0.16666666666666666,4.009301579664822e-05
351,17,1,0.16666666666666666,4.009301579664822e-05
355,20,1,0.16666666666666666,4.009301579664822e-05
357,7,1,0.16666666666666666,4.009301579664822e-05
361,2,1,0.16666666666666666,4.009301579664822e-05
362,14,1,0.16666666666666666,4.009301579664822e-05
363,5,1,0.16666666666666666,4.009301579664822e-05
363,18,1,0.16666666666666666,4.009301579664822e-05
364,11,1,0.16666666666666666,4.009301579664822e-05
365,11,1,0.16666666666666666,4.009301579664822e-05
368,12,1,0.16666666666666666,4.009301579664822e-05
377,5,1,0.16666666666666666,4.009301579664822e-05
379,8,1,0.16666666666666666,4.009301579664822e-05
390,1,1,0.16666666666666666,4.009301579664822e-05
391,14,1,0.16666666666666666,4.009301579664822e-05
392,2,1,0.16666666666666666,4.009301579664822e-05
396,6,1,0.16666666666666666,4.009301579664822e-05
398,13,1,0.16666666666666666,4.009301579664822e-05
399,4,1,0.16666666666666666,4.009301579664822e-05
402,10,1,0.16666666666666666,4.009301579664822e-05
402,16,1,0.16666666666666666,4.009301579664822e-05
402,21,2,0.3333333333333333,8.018603159329644e-05
403,8,1,0.16666666666666666,4.009301579664822e-05
404,5,1,0.16666666666666666,4.009301579664822e-05
406,8,1,0.16666666666666666,4.009301579664822e-05
408,9,1,0.16666666666666666,4.009301579664822e-05
410,16,1,0.16666666666666666,4.009301579664822e-05
413,8,1,0.16666666666666666,4.009301579664822e-05
418,4,1,0.16666666666666666,4.009301579664822e-05
422,5,1,0.16666666666666666,4.009301579664822e-05
423,14,1,0.16666666666666666,4.009301579664822e-05
425,7,1,0.16666666666666666,4.009301579664822e-05
426,5,1,0.16666666666666666,4.009301579664822e-05
430,13,1,0.16666666666666666,4.009301579664822e-05
438,0,1,0.16666666666666666,4.009301579664822e-05
438,6,1,0.16666666666666666,4.009301579664822e-05
439,13,2,0.3333333333333333,8.018603159329644e-05
442,5,1,0.16666666666666666,4.009301579664822e-05
449,9,1,0.16666666666666666,4.009301579664822e-05
450,3,2,0.3333333333333333,8.018603159329644e-05
454,14,1,0.16666666666666666,4.009301579664822e-05
475,13,1,0.16666666666666666,4.009301579664822e-05
478,6,1,0.16666666666666666,4.009301579664822e-05
482,12,1,0.16666666666666666,4.009301579664822e-05
484,14,1,0.16666666666666666,4.009301579664822e-05
484,15,3,0.5,0.00012027904738994468
484,16,1,0.16666666666666666,4.009301579664822e-05
490,5,1,0.16666666666666666,4.009301579664822e-05
